timestamp_iso,elapsed_s,Thumb-Index_dist,Index-Middle_dist,Middle-Ring_dist,Ring-Pinky_dist,Thumb-Pinky_dist
2025-11-04T22:56:09,0.615
2025-11-04T22:56:09,1.088,0.40310,0.19406,0.12784,0.25846,0.57953
2025-11-04T22:56:09,1.169,0.39538,0.18656,0.12522,0.25462,0.56563
2025-11-04T22:56:10,1.287,0.39040,0.18790,0.12247,0.25688,0.56629
2025-11-04T22:56:10,1.366,0.39128,0.18536,0.12282,0.25830,0.56761
2025-11-04T22:56:10,1.472,0.39111,0.18536,0.12443,0.25777,0.56751
2025-11-04T22:56:10,1.574,0.39093,0.19247,0.12689,0.25063,0.56973
2025-11-04T22:56:10,1.660,0.39392,0.18464,0.12488,0.24419,0.56456
2025-11-04T22:56:10,1.750,0.39153,0.18356,0.11879,0.24976,0.55990
2025-11-04T22:56:10,1.833,0.38880,0.18310,0.11833,0.25225,0.56267
2025-11-04T22:56:10,1.928,0.39182,0.18390,0.11798,0.25378,0.56547
2025-11-04T22:56:10,2.003,0.39049,0.18505,0.11886,0.25176,0.56634
2025-11-04T22:56:10,2.101,0.39646,0.18435,0.12277,0.25112,0.56412
2025-11-04T22:56:10,2.200,0.39696,0.18659,0.11783,0.25536,0.56702
2025-11-04T22:56:11,2.289,0.39139,0.18691,0.11683,0.25258,0.56592
2025-11-04T22:56:11,2.388,0.39595,0.18571,0.11877,0.25352,0.56735
2025-11-04T22:56:11,2.491,0.39420,0.18345,0.11649,0.25030,0.56386
2025-11-04T22:56:11,2.579,0.39071,0.18552,0.11588,0.24258,0.56334
2025-11-04T22:56:11,2.679,0.39236,0.18748,0.11773,0.24913,0.56531
2025-11-04T22:56:11,2.762,0.39319,0.18485,0.11805,0.24879,0.56369
2025-11-04T22:56:11,2.859,0.39196,0.18327,0.11761,0.24860,0.56490
2025-11-04T22:56:11,2.960,0.38981,0.18633,0.11451,0.24349,0.56017
2025-11-04T22:56:11,3.052,0.39361,0.18427,0.11670,0.24891,0.56752
2025-11-04T22:56:11,3.145,0.39097,0.18468,0.11833,0.24422,0.56445
2025-11-04T22:56:11,3.241,0.39143,0.18506,0.11757,0.24301,0.56289
2025-11-04T22:56:12,3.340,0.38542,0.18568,0.11463,0.23905,0.55637
2025-11-04T22:56:12,3.429,0.38530,0.18594,0.12193,0.23221,0.55811
2025-11-04T22:56:12,3.505,0.38125,0.18005,0.12105,0.23510,0.55621
2025-11-04T22:56:12,3.598,0.37803,0.17914,0.11837,0.23126,0.55492
2025-11-04T22:56:12,3.680,0.38244,0.18122,0.11820,0.23308,0.55242
2025-11-04T22:56:12,3.757,0.38600,0.17753,0.11508,0.23924,0.55250
2025-11-04T22:56:12,3.841,0.37847,0.17582,0.11941,0.23112,0.54332
2025-11-04T22:56:12,3.934,0.37528,0.17832,0.12110,0.22913,0.54080
2025-11-04T22:56:12,4.029,0.37629,0.17778,0.12182,0.22803,0.54066
2025-11-04T22:56:12,4.133,0.37421,0.17586,0.11725,0.22753,0.54036
2025-11-04T22:56:12,4.223,0.37332,0.17835,0.11954,0.22633,0.53873
2025-11-04T22:56:13,4.297,0.37532,0.17551,0.11726,0.22627,0.53900
2025-11-04T22:56:13,4.362,0.37453,0.17551,0.11696,0.22804,0.53990
2025-11-04T22:56:13,4.448,0.37441,0.17790,0.12005,0.22375,0.54112
2025-11-04T22:56:13,4.532,0.38451,0.17784,0.12335,0.22218,0.54791
2025-11-04T22:56:13,4.701,0.38656,0.18090,0.12079,0.22335,0.55031
2025-11-04T22:56:13,4.828,0.39085,0.18377,0.12316,0.23249,0.56047
2025-11-04T22:56:13,4.971,0.39219,0.18326,0.11737,0.22810,0.56960
2025-11-04T22:56:13,5.117,0.39623,0.18940,0.12133,0.22777,0.57100
2025-11-04T22:56:14,5.269,0.40468,0.18868,0.12523,0.23149,0.57651
2025-11-04T22:56:14,5.374,0.41501,0.18124,0.12049,0.22149,0.58125
2025-11-04T22:56:14,5.468,0.36048,0.18691,0.11629,0.21414,0.55121
2025-11-04T22:56:14,5.599,0.17440,0.26212,0.11737,0.19582,0.45521
2025-11-04T22:56:14,5.768,0.07005,0.31187,0.11210,0.19269,0.40601
2025-11-04T22:56:14,5.871,0.06848,0.29918,0.11475,0.18708,0.40528
2025-11-04T22:56:14,5.972,0.06431,0.30393,0.11512,0.18661,0.40444
2025-11-04T22:56:14,6.113,0.06599,0.30062,0.11504,0.18533,0.40231
2025-11-04T22:56:15,6.253,0.06308,0.29579,0.10884,0.18513,0.40452
2025-11-04T22:56:15,6.356,0.14581,0.23200,0.11235,0.18641,0.42333
2025-11-04T22:56:15,6.432,0.40767,0.13385,0.12651,0.20750,0.55611
2025-11-04T22:56:15,6.493,0.40530,0.13737,0.13332,0.19343,0.54738
2025-11-04T22:56:15,6.559,0.41308,0.15743,0.13979,0.22165,0.55397
2025-11-04T22:56:15,6.614,0.41314,0.16215,0.14182,0.23436,0.55907
2025-11-04T22:56:15,6.710,0.41393,0.15851,0.13878,0.24073,0.55793
2025-11-04T22:56:15,6.788,0.40458,0.16379,0.12724,0.24466,0.56278
2025-11-04T22:56:15,6.885,0.40582,0.17069,0.12548,0.23970,0.56992
2025-11-04T22:56:15,6.961,0.40416,0.16992,0.12662,0.24119,0.56844
2025-11-04T22:56:15,7.041,0.41224,0.17023,0.12691,0.23181,0.57323
2025-11-04T22:56:15,7.138,0.40715,0.16940,0.12142,0.23422,0.56721
2025-11-04T22:56:15,7.239,0.39981,0.17168,0.14020,0.22045,0.55445
2025-11-04T22:56:16,7.305,0.39915,0.17343,0.14511,0.21653,0.54890
2025-11-04T22:56:16,7.378,0.39844,0.17186,0.14518,0.21577,0.54943
2025-11-04T22:56:16,7.468,0.40359,0.17413,0.14583,0.21356,0.55211
2025-11-04T22:56:16,7.537,0.40184,0.17267,0.14782,0.21548,0.55437
2025-11-04T22:56:16,7.598,0.41130,0.17398,0.14353,0.21113,0.54729
2025-11-04T22:56:16,7.685,0.22273,0.22734,0.10697,0.11942,0.33819
2025-11-04T22:56:16,7.745,0.14427,0.14932,0.14162,0.06843,0.13679
2025-11-04T22:56:16,7.830,0.05704,0.03561,0.03217,0.04882,0.05008
2025-11-04T22:56:16,7.912,0.06042,0.03154,0.03377,0.04960,0.04599
2025-11-04T22:56:16,7.981,0.06493,0.04038,0.03762,0.05348,0.05213
2025-11-04T22:56:16,8.085,0.07708,0.03097,0.03518,0.06866,0.05323
2025-11-04T22:56:16,8.183,0.32186,0.12817,0.14574,0.09651,0.44037
2025-11-04T22:56:16,8.245,0.42951,0.15227,0.13099,0.24502,0.56566
2025-11-04T22:56:17,8.311,0.43068,0.14627,0.12364,0.25341,0.58686
2025-11-04T22:56:17,8.388,0.41700,0.14354,0.12820,0.25528,0.58469
2025-11-04T22:56:17,8.467,0.41536,0.14478,0.12558,0.25425,0.58485
2025-11-04T22:56:17,8.544,0.42288,0.15417,0.12620,0.26783,0.59261
2025-11-04T22:56:17,8.631,0.43041,0.14456,0.13160,0.26475,0.59497
2025-11-04T22:56:17,8.703,0.42070,0.15630,0.13261,0.26122,0.59711
2025-11-04T22:56:17,8.792,0.42472,0.15318,0.13679,0.26883,0.59985
2025-11-04T22:56:17,8.879,0.42181,0.15234,0.13972,0.27074,0.60248
2025-11-04T22:56:17,8.958,0.42438,0.16291,0.13782,0.26752,0.60297
2025-11-04T22:56:17,9.020,0.43038,0.16754,0.13895,0.27119,0.60692
2025-11-04T22:56:17,9.101,0.42487,0.16903,0.13998,0.27373,0.60924
2025-11-04T22:56:17,9.182,0.42652,0.16765,0.14063,0.27380,0.60790
2025-11-04T22:56:17,9.248,0.43132,0.16875,0.13698,0.27547,0.61140
2025-11-04T22:56:18,9.320,0.43519,0.16884,0.13991,0.27382,0.61063
2025-11-04T22:56:18,9.391,0.43734,0.17067,0.14112,0.28111,0.61355
2025-11-04T22:56:18,9.488,0.43532,0.16921,0.14049,0.27369,0.61133
2025-11-04T22:56:18,9.576,0.43908,0.17468,0.14018,0.28042,0.61753
2025-11-04T22:56:18,9.670,0.43503,0.17436,0.14300,0.27254,0.61736
2025-11-04T22:57:42,0.519
2025-11-04T22:57:43,0.889
2025-11-04T22:57:43,1.058
2025-11-04T22:57:43,1.189
2025-11-04T22:57:43,1.327,0.30841,0.15134,0.08755,0.17352,0.44972
2025-11-04T22:57:43,1.448,0.31601,0.16023,0.10365,0.17758,0.45599
2025-11-04T22:57:43,1.557,0.32573,0.15594,0.10834,0.17439,0.46976
2025-11-04T22:57:43,1.661,0.32371,0.15785,0.11122,0.17532,0.46863
2025-11-04T22:57:43,1.746,0.32802,0.16132,0.10822,0.16820,0.47095
2025-11-04T22:57:43,1.847,0.32866,0.15771,0.10461,0.17926,0.47195
2025-11-04T22:57:44,1.937,0.32702,0.16162,0.10492,0.17671,0.47144
2025-11-04T22:57:44,2.028,0.33262,0.16042,0.10249,0.17480,0.47587
2025-11-04T22:57:44,2.119,0.32451,0.16206,0.10463,0.17726,0.47112
2025-11-04T22:57:44,2.221,0.32293,0.15760,0.10057,0.17715,0.46799
2025-11-04T22:57:44,2.328,0.32614,0.15761,0.10213,0.17247,0.46220
2025-11-04T22:57:44,2.465,0.31921,0.15551,0.10098,0.16885,0.45501
2025-11-04T22:57:44,2.583,0.29917,0.12859,0.08881,0.15217,0.43115
2025-11-04T22:57:44,2.714,0.03821,0.02934,0.03375,0.04566,0.10666
2025-11-04T22:57:44,2.856,0.03139,0.02795,0.03384,0.03989,0.09148
2025-11-04T22:57:45,2.948,0.02750,0.03650,0.03759,0.03925,0.08429
2025-11-04T22:57:45,3.027,0.03523,0.02530,0.03722,0.03933,0.08141
2025-11-04T22:57:45,3.111,0.03903,0.02191,0.04015,0.03892,0.08265
2025-11-04T22:57:45,3.211,0.04499,0.02274,0.03925,0.03912,0.08026
2025-11-04T22:57:45,3.329,0.18819,0.10452,0.08737,0.07310,0.32601
2025-11-04T22:57:45,3.428,0.36962,0.15683,0.09792,0.18727,0.50990
2025-11-04T22:57:45,3.534,0.38221,0.16330,0.09527,0.20143,0.52271
2025-11-04T22:57:45,3.659,0.39604,0.15816,0.09588,0.20835,0.53150
2025-11-04T22:57:45,3.764,0.40116,0.16199,0.09603,0.20258,0.53536
2025-11-04T22:57:45,3.875,0.40062,0.16122,0.09561,0.20289,0.53413
2025-11-04T22:57:46,3.955,0.33939,0.17082,0.09215,0.17946,0.48990
2025-11-04T22:57:46,4.055,0.06615,0.25775,0.11923,0.15405,0.36588
2025-11-04T22:57:46,4.148,0.05562,0.25653,0.11716,0.16042,0.35366
2025-11-04T22:57:46,4.265,0.05181,0.26227,0.11738,0.15961,0.35498
2025-11-04T22:57:46,4.345,0.05249,0.26254,0.11654,0.15976,0.35459
2025-11-04T22:57:46,4.451,0.17869,0.17676,0.11233,0.16082,0.38363
2025-11-04T22:57:46,4.545,0.19437,0.09489,0.09337,0.16970,0.33726
2025-11-04T22:57:46,4.657,0.11330,0.08600,0.13634,0.16465,0.26485
2025-11-04T22:57:46,4.765,0.13262,0.09951,0.14503,0.15624,0.26995
2025-11-04T22:57:46,4.872,0.14616,0.06473,0.10477,0.14775,0.27394
2025-11-04T22:57:47,4.959,0.15671,0.05958,0.05887,0.16435,0.26043
2025-11-04T22:57:47,5.061,0.15360,0.05805,0.05903,0.16542,0.25919
2025-11-04T22:57:47,5.177,0.12979,0.08605,0.18356,0.21089,0.22302
2025-11-04T22:57:47,5.276,0.13501,0.07946,0.17570,0.20989,0.23271
2025-11-04T22:57:47,5.368,0.16828,0.11314,0.02513,0.12507,0.27370
2025-11-04T22:57:47,5.463,0.17780,0.13536,0.06154,0.07586,0.22911
2025-11-04T22:57:47,5.551,0.17656,0.13475,0.03288,0.07659,0.24797
2025-11-04T22:57:47,5.630,0.14707,0.13701,0.04705,0.23185,0.09524
2025-11-04T22:57:47,5.688,0.14927,0.13663,0.04450,0.21289,0.07834
2025-11-04T22:57:47,5.776,0.15210,0.12728,0.04761,0.22193,0.08497
2025-11-04T22:57:47,5.853,0.15689,0.13138,0.04630,0.22225,0.07766
2025-11-04T22:57:48,5.925,0.22804,0.12957,0.05363,0.07967,0.31759
2025-11-04T22:57:48,6.002,0.32398,0.12947,0.08477,0.14076,0.45937
2025-11-04T22:57:48,6.088,0.33878,0.13847,0.09455,0.15417,0.47338
2025-11-04T22:57:48,6.171,0.33886,0.13755,0.09516,0.15153,0.47442
2025-11-04T22:57:48,6.252,0.34738,0.14418,0.10012,0.17912,0.48179
2025-11-04T22:57:48,6.331,0.34673,0.14384,0.10196,0.18302,0.48332
2025-11-04T22:57:48,6.411,0.35197,0.14325,0.10323,0.18126,0.48931
2025-11-04T22:57:48,6.490,0.35639,0.14415,0.10213,0.18375,0.49252
2025-11-04T22:57:48,6.587,0.35696,0.14124,0.10171,0.18538,0.49328
2025-11-04T22:57:48,6.673,0.35882,0.14306,0.10095,0.18382,0.49645
2025-11-04T22:57:48,6.731,0.35784,0.14308,0.09980,0.18538,0.49565
2025-11-04T22:57:48,6.814,0.34770,0.13845,0.09034,0.14031,0.45725
2025-11-04T22:57:49,6.886,0.25969,0.12975,0.07431,0.11505,0.22879
2025-11-04T22:57:49,6.951,0.24350,0.11373,0.08379,0.21589,0.12432
2025-11-04T22:57:49,7.023,0.21840,0.10637,0.08380,0.21351,0.09194
2025-11-04T22:57:49,7.116,0.22244,0.10791,0.09190,0.20510,0.09329
2025-11-04T22:57:49,7.215,0.22507,0.10662,0.09577,0.19570,0.09369
2025-11-04T22:57:49,7.298,0.22673,0.10529,0.08783,0.21427,0.09556
2025-11-04T22:57:49,7.372,0.22902,0.10215,0.08186,0.21543,0.09382
2025-11-04T22:57:49,7.457,0.22406,0.10048,0.08696,0.20442,0.09291
2025-11-04T22:57:49,7.515,0.22375,0.10173,0.08733,0.20433,0.09272
2025-11-04T22:57:49,7.593,0.22094,0.10197,0.08739,0.20252,0.09610
2025-11-04T22:57:49,7.656,0.21969,0.10446,0.08699,0.20053,0.09202
2025-11-04T22:57:49,7.735,0.22293,0.09606,0.08508,0.20259,0.10713
2025-11-04T22:57:49,7.818,0.21774,0.09469,0.06241,0.07037,0.22024
2025-11-04T22:57:50,7.907,0.21904,0.08477,0.05908,0.07265,0.21760
2025-11-04T22:57:50,7.991,0.18874,0.05737,0.07789,0.14630,0.24158
2025-11-04T22:57:50,8.071,0.19176,0.05069,0.22263,0.22266,0.24166
2025-11-04T22:57:50,8.143,0.18969,0.05377,0.22550,0.22398,0.24563
2025-11-04T22:57:50,8.219,0.19175,0.05464,0.22837,0.22558,0.24782
2025-11-04T22:57:50,8.315,0.19755,0.05566,0.23455,0.22764,0.24834
2025-11-04T22:57:50,8.405,0.18967,0.05660,0.23011,0.22622,0.24484
2025-11-04T22:57:50,8.485,0.19013,0.05260,0.22846,0.23265,0.26050
2025-11-04T22:57:50,8.564,0.21979,0.03972,0.15550,0.14760,0.31017
2025-11-04T22:57:50,8.621,0.22395,0.02714,0.07361,0.18752,0.32113
2025-11-04T22:57:50,8.707,0.22281,0.02277,0.06840,0.18270,0.31721
2025-11-04T22:57:50,8.795,0.20360,0.08625,0.10486,0.19003,0.30886
2025-11-04T22:57:50,8.862,0.17181,0.18088,0.21511,0.19143,0.30269
2025-11-04T22:57:51,8.944,0.19781,0.10548,0.12962,0.19157,0.31614
2025-11-04T22:57:51,9.004,0.22653,0.06849,0.10751,0.18230,0.33587
2025-11-04T22:57:51,9.083,0.04305,0.26508,0.10431,0.18044,0.33311
2025-11-04T22:57:51,9.166,0.25525,0.16938,0.09076,0.18956,0.42648
2025-11-04T22:57:51,9.234,0.32428,0.16449,0.10462,0.17818,0.47699
2025-11-04T22:57:51,9.326,0.34371,0.15836,0.09753,0.18923,0.48605
2025-11-04T22:57:51,9.415,0.35054,0.15749,0.10087,0.19933,0.49443
2025-11-04T22:57:51,9.490,0.35725,0.15477,0.10538,0.20071,0.49719
2025-11-04T22:57:51,9.583,0.36021,0.15748,0.10833,0.20272,0.50104
2025-11-04T22:57:51,9.675,0.36081,0.15888,0.10799,0.20470,0.50042
2025-11-04T22:57:51,9.729,0.36211,0.15739,0.11032,0.20535,0.50135
2025-11-04T22:57:51,9.812,0.36002,0.15975,0.11091,0.19735,0.50695
2025-11-04T22:57:52,9.887,0.36240,0.15860,0.10908,0.19616,0.50507
2025-11-04T22:57:52,9.964,0.36460,0.16055,0.10740,0.19571,0.50662
2025-11-04T22:57:52,10.040,0.37020,0.15691,0.10599,0.18819,0.51112
2025-11-04T22:57:52,10.106,0.36465,0.15641,0.09881,0.19032,0.50723
2025-11-04T22:57:52,10.171,0.32157,0.15255,0.08786,0.17488,0.46685
2025-11-04T22:57:52,10.251,0.12516,0.06972,0.10191,0.08983,0.20156
2025-11-04T22:57:52,10.331,0.08141,0.13387,0.04789,0.17674,0.21353
2025-11-04T22:57:52,10.421
2025-11-04T22:57:52,10.505
2025-11-04T22:57:52,10.603
2025-11-04T22:57:52,10.687
2025-11-04T22:57:52,10.791
2025-11-04T22:57:52,10.876
2025-11-04T22:57:53,10.948
2025-11-04T22:57:53,11.030
2025-11-04T22:57:53,11.091
2025-11-04T22:57:53,11.157
2025-11-04T22:57:53,11.219
2025-11-04T22:57:53,11.287
2025-11-04T22:57:53,11.367
2025-11-04T22:57:53,11.423
2025-11-04T22:57:53,11.502
2025-11-04T22:57:53,11.563
2025-11-04T22:57:53,11.625
2025-11-04T22:57:53,11.714
2025-11-04T22:57:53,11.801
2025-11-04T22:57:53,11.883
2025-11-04T22:57:54,11.961
2025-11-04T22:57:54,12.042
2025-11-04T22:57:54,12.120
2025-11-04T22:59:44,0.487,0.28865,0.14328,0.10058,0.16463,0.40708
2025-11-04T22:59:44,0.837,0.28643,0.13898,0.09881,0.16191,0.40620
2025-11-04T22:59:44,0.917,0.29475,0.12720,0.07847,0.14799,0.40118
2025-11-04T22:59:44,0.992,0.29501,0.12785,0.07973,0.15044,0.39957
2025-11-04T22:59:44,1.081,0.30249,0.10469,0.06628,0.13707,0.37979
2025-11-04T22:59:45,1.161,0.30380,0.10506,0.06254,0.14331,0.38520
2025-11-04T22:59:45,1.245,0.30320,0.10577,0.06459,0.14682,0.38541
2025-11-04T22:59:45,1.322,0.30350,0.10558,0.06430,0.14764,0.38498
2025-11-04T22:59:45,1.408,0.30041,0.10779,0.06019,0.14869,0.38695
2025-11-04T22:59:45,1.479,0.29929,0.11033,0.06404,0.14964,0.39018
2025-11-04T22:59:45,1.543,0.29878,0.11104,0.06505,0.14891,0.38955
2025-11-04T22:59:45,1.606,0.29501,0.11146,0.06153,0.15035,0.38734
2025-11-04T22:59:45,1.688,0.27412,0.11245,0.06056,0.15241,0.36706
2025-11-04T22:59:45,1.751,0.27320,0.11166,0.06274,0.15258,0.36775
2025-11-04T22:59:45,1.828,0.26059,0.11206,0.06209,0.15351,0.36456
2025-11-04T22:59:45,1.914,0.24593,0.11436,0.06416,0.15103,0.35120
2025-11-04T22:59:45,2.011,0.24433,0.11558,0.06394,0.14694,0.34226
2025-11-04T22:59:46,2.129,0.24268,0.12028,0.06775,0.13662,0.33407
2025-11-04T22:59:46,2.281,0.23797,0.12119,0.07067,0.13208,0.32632
2025-11-04T22:59:46,2.363,0.23789,0.12310,0.07126,0.13161,0.32494
2025-11-04T22:59:46,2.492,0.23911,0.12380,0.07706,0.13675,0.32515
2025-11-04T22:59:46,2.600,0.21946,0.12471,0.08073,0.13344,0.29894
2025-11-04T22:59:46,2.668,0.21739,0.12204,0.08406,0.13639,0.30202
2025-11-04T22:59:46,2.755,0.21851,0.11575,0.08912,0.14119,0.30499
2025-11-04T22:59:46,2.892,0.26612,0.10894,0.12473,0.17970,0.39954
2025-11-04T22:59:46,2.957,0.26307,0.10945,0.12389,0.17773,0.39761
2025-11-04T22:59:46,3.055,0.28665,0.15869,0.16176,0.18995,0.47463
2025-11-04T22:59:47,3.210,0.27393,0.16854,0.17010,0.20003,0.48234
2025-11-04T22:59:47,3.283,0.27236,0.17536,0.16290,0.20675,0.48537
2025-11-04T22:59:47,3.373,0.28009,0.17558,0.16407,0.21034,0.49253
2025-11-04T22:59:47,3.450,0.28812,0.18005,0.15529,0.21436,0.49686
2025-11-04T22:59:47,3.569,0.28764,0.17947,0.15769,0.21657,0.50056
2025-11-04T22:59:47,3.688,0.29178,0.19296,0.13580,0.22016,0.50165
2025-11-04T22:59:47,3.762,0.28925,0.19564,0.13887,0.21628,0.50096
2025-11-04T22:59:47,3.822,0.28935,0.19160,0.14504,0.21174,0.50199
2025-11-04T22:59:47,3.917,0.29086,0.19909,0.14050,0.21178,0.50225
2025-11-04T22:59:47,4.042,0.29291,0.19593,0.13954,0.21487,0.50356
2025-11-04T22:59:48,4.132,0.29361,0.19487,0.14121,0.21070,0.49517
2025-11-04T22:59:48,4.233,0.28898,0.18505,0.14907,0.20583,0.49255
2025-11-04T22:59:48,4.354,0.28638,0.18310,0.14634,0.20227,0.49053
2025-11-04T22:59:48,4.456,0.29040,0.19413,0.13938,0.19756,0.49066
2025-11-04T22:59:48,4.565,0.28583,0.19756,0.13879,0.20044,0.48903
2025-11-04T22:59:48,4.670,0.28425,0.18013,0.14405,0.20478,0.48761
2025-11-04T22:59:48,4.763,0.27913,0.17516,0.14581,0.20981,0.48496
2025-11-04T22:59:48,4.838,0.27986,0.17474,0.14604,0.20883,0.48395
2025-11-04T22:59:48,4.900,0.24876,0.17693,0.14911,0.21103,0.46901
2025-11-04T22:59:48,4.967,0.24252,0.17718,0.15039,0.20457,0.46142
2025-11-04T22:59:48,5.018,0.24494,0.17726,0.15034,0.20099,0.46029
2025-11-04T22:59:48,5.094,0.24602,0.17678,0.14898,0.20169,0.45672
2025-11-04T22:59:49,5.168,0.24586,0.17643,0.14959,0.19997,0.45550
2025-11-04T22:59:49,5.258,0.24339,0.17889,0.15053,0.19521,0.45393
2025-11-04T22:59:49,5.341,0.24420,0.17669,0.14775,0.19465,0.45476
2025-11-04T22:59:49,5.417,0.24543,0.17549,0.14865,0.19544,0.45451
2025-11-04T22:59:49,5.494,0.24297,0.17755,0.14766,0.19373,0.45616
2025-11-04T22:59:49,5.575,0.24009,0.17577,0.14583,0.19818,0.45324
2025-11-04T22:59:49,5.633,0.24385,0.17109,0.13878,0.20153,0.44992
2025-11-04T22:59:49,5.704,0.24402,0.17043,0.13403,0.20090,0.44950
2025-11-04T22:59:49,5.778,0.24418,0.17011,0.13396,0.20050,0.44890
2025-11-04T22:59:49,5.856,0.24657,0.17455,0.12972,0.19937,0.45098
2025-11-04T22:59:49,5.916,0.24491,0.17568,0.13018,0.19913,0.45176
2025-11-04T22:59:49,5.982,0.24441,0.17445,0.13267,0.19796,0.45204
2025-11-04T22:59:49,6.064,0.24218,0.17505,0.13186,0.19631,0.45158
2025-11-04T22:59:49,6.142,0.24167,0.17444,0.13145,0.19634,0.44891
2025-11-04T22:59:50,6.199,0.24180,0.17330,0.13265,0.19371,0.45021
2025-11-04T22:59:50,6.283,0.24163,0.17270,0.12713,0.19115,0.45405
2025-11-04T22:59:50,6.364,0.24746,0.17464,0.12943,0.18816,0.45456
2025-11-04T22:59:50,6.436,0.27328,0.17199,0.12851,0.18947,0.46288
2025-11-04T22:59:50,6.489,0.27371,0.17260,0.12940,0.18911,0.46271
2025-11-04T22:59:50,6.561,0.28922,0.16442,0.12769,0.18934,0.46553
2025-11-04T22:59:50,6.623,0.28688,0.16178,0.12741,0.19271,0.46619
2025-11-04T22:59:50,6.688,0.28654,0.15495,0.12390,0.18624,0.46129
2025-11-04T22:59:50,6.733,0.27492,0.15840,0.11868,0.18591,0.44925
2025-11-04T22:59:50,6.779,0.27769,0.15796,0.11849,0.18455,0.44965
2025-11-04T22:59:50,6.845,0.27493,0.15091,0.12232,0.17666,0.44820
2025-11-04T22:59:50,6.910,0.27405,0.15315,0.11849,0.17846,0.44696
2025-11-04T22:59:50,6.974,0.27513,0.15446,0.11706,0.17543,0.44771
2025-11-04T22:59:50,7.056,0.28088,0.15220,0.11712,0.18184,0.45191
2025-11-04T22:59:50,7.135,0.28351,0.15115,0.11126,0.19929,0.45104
2025-11-04T22:59:51,7.217,0.28204,0.15343,0.11035,0.19937,0.45024
2025-11-04T22:59:51,7.301,0.28609,0.15328,0.12297,0.20664,0.45470
2025-11-04T22:59:51,7.366,0.27894,0.15854,0.12030,0.20135,0.45683
2025-11-04T22:59:51,7.442,0.25903,0.17134,0.11433,0.15726,0.42985
2025-11-04T22:59:51,7.506,0.25881,0.17151,0.11435,0.15450,0.43212
2025-11-04T22:59:51,7.573,0.24026,0.14224,0.09473,0.12913,0.37464
2025-11-04T22:59:51,7.655,0.22705,0.13220,0.08545,0.12070,0.34980
2025-11-04T22:59:51,7.733,0.23318,0.13133,0.08077,0.12664,0.35641
2025-11-04T22:59:51,7.806,0.23025,0.12485,0.07837,0.13472,0.35629
2025-11-04T22:59:51,7.871,0.23242,0.12412,0.07697,0.14488,0.36121
2025-11-04T22:59:51,7.967,0.23268,0.12463,0.07658,0.14476,0.36142
2025-11-04T22:59:51,8.057,0.23791,0.13259,0.08161,0.15760,0.37644
2025-11-04T22:59:52,8.161,0.23637,0.13468,0.07883,0.16400,0.38247
2025-11-04T22:59:52,8.286,0.23386,0.13461,0.07864,0.16251,0.38146
2025-11-04T22:59:52,8.390,0.23496,0.13315,0.07914,0.16600,0.37911
2025-11-04T22:59:52,8.509,0.23633,0.13000,0.07327,0.16713,0.37816
2025-11-04T22:59:52,8.630,0.23584,0.12721,0.07208,0.16859,0.37802
2025-11-04T22:59:52,8.724,0.24088,0.12381,0.07603,0.16980,0.38215
2025-11-04T22:59:52,8.852,0.24293,0.12352,0.07712,0.16931,0.38475
2025-11-04T22:59:52,8.977,0.24130,0.12415,0.07703,0.17111,0.38291
2025-11-04T22:59:52,9.085,0.24419,0.12239,0.07735,0.16899,0.38328
2025-11-04T22:59:53,9.211,0.24500,0.12072,0.07906,0.17141,0.38504
2025-11-04T22:59:53,9.316,0.24594,0.12465,0.08154,0.17246,0.38718
2025-11-04T22:59:53,9.432,0.24532,0.12490,0.08416,0.16941,0.38677
2025-11-04T22:59:53,9.548,0.24346,0.12238,0.08181,0.17034,0.38477
2025-11-04T22:59:53,9.620,0.24576,0.12247,0.08225,0.16968,0.38701
2025-11-04T22:59:53,9.685,0.24499,0.12274,0.08252,0.16974,0.38750
2025-11-04T22:59:53,9.767,0.24461,0.12445,0.08079,0.17340,0.38466
2025-11-04T22:59:53,9.859,0.24344,0.12518,0.08020,0.17241,0.38822
2025-11-04T22:59:53,9.980,0.24513,0.12478,0.08155,0.17089,0.38506
2025-11-04T22:59:54,10.163,0.24714,0.12776,0.08228,0.16969,0.38693
2025-11-04T22:59:54,10.281,0.24362,0.12867,0.08331,0.17105,0.38849
2025-11-04T23:11:20,0.582,0.39858,0.19052,0.13883,0.22541,0.51319
2025-11-04T23:11:20,0.925,0.39691,0.20159,0.18435,0.23361,0.51784
2025-11-04T23:11:20,0.990,0.39759,0.18871,0.15717,0.23009,0.51315
2025-11-04T23:11:20,1.071,0.39653,0.19280,0.15886,0.23054,0.51687
2025-11-04T23:11:20,1.150,0.39699,0.19784,0.16516,0.23272,0.51400
2025-11-04T23:11:20,1.232,0.39224,0.19885,0.16828,0.23147,0.51375
2025-11-04T23:11:20,1.311,0.38885,0.19319,0.15903,0.23008,0.51213
2025-11-04T23:11:21,1.396,0.38994,0.20139,0.16681,0.23164,0.51023
2025-11-04T23:11:21,1.467,0.39138,0.19498,0.16384,0.23304,0.51382
2025-11-04T23:11:21,1.545,0.39219,0.20122,0.16634,0.23347,0.51071
2025-11-04T23:11:21,1.632,0.39090,0.19830,0.15798,0.23427,0.51056
2025-11-04T23:11:21,1.707,0.38670,0.19511,0.14989,0.23513,0.51071
2025-11-04T23:11:21,1.786,0.38781,0.19693,0.15868,0.23224,0.51066
2025-11-04T23:11:21,1.864,0.37901,0.20820,0.15486,0.23366,0.50280
2025-11-04T23:11:21,1.940,0.37650,0.20392,0.15980,0.24170,0.50842
2025-11-04T23:11:21,2.017,0.36021,0.20093,0.15494,0.22099,0.48525
2025-11-04T23:11:21,2.105,0.34509,0.19749,0.14949,0.21964,0.47404
2025-11-04T23:11:21,2.183,0.34156,0.19867,0.15289,0.22243,0.47077
2025-11-04T23:11:21,2.260,0.32792,0.18723,0.14482,0.21482,0.45814
2025-11-04T23:11:22,2.355,0.31822,0.18315,0.14419,0.21337,0.44520
2025-11-04T23:11:22,2.419,0.31390,0.18881,0.13992,0.21588,0.44756
2025-11-04T23:11:22,2.493,0.31609,0.18482,0.14109,0.21587,0.44481
2025-11-04T23:11:22,2.575,0.34510,0.19674,0.12761,0.22634,0.47711
2025-11-04T23:11:22,2.673,0.36843,0.19121,0.12464,0.23450,0.49738
2025-11-04T23:11:22,2.796,0.39445,0.18884,0.11807,0.23327,0.52194
2025-11-04T23:11:22,2.878,0.39873,0.19066,0.12046,0.22566,0.52712
2025-11-04T23:11:22,2.988,0.40336,0.18701,0.11907,0.22785,0.53110
2025-11-04T23:11:22,3.094,0.40909,0.18655,0.11641,0.22363,0.53221
2025-11-04T23:11:22,3.165,0.41179,0.18553,0.11512,0.23363,0.54068
2025-11-04T23:11:22,3.266,0.41867,0.18741,0.11549,0.24191,0.54499
2025-11-04T23:11:23,3.361,0.43657,0.18287,0.11922,0.25591,0.55477
2025-11-04T23:11:23,3.496,0.43933,0.17993,0.12176,0.25443,0.55471
2025-11-04T23:11:23,3.605,0.43784,0.18025,0.12506,0.25328,0.55621
2025-11-04T23:11:23,3.723,0.43925,0.17693,0.12398,0.25314,0.55665
2025-11-04T23:11:23,3.812,0.43958,0.16824,0.12780,0.25431,0.55509
2025-11-04T23:11:23,3.897,0.44100,0.16339,0.12748,0.25323,0.55411
2025-11-04T23:11:23,4.013,0.44076,0.16116,0.13092,0.25921,0.55369
2025-11-04T23:11:23,4.149,0.44099,0.16301,0.13309,0.26307,0.56191
2025-11-04T23:11:23,4.249,0.43869,0.15960,0.13249,0.26363,0.55828
2025-11-04T23:11:24,4.338,0.42104,0.15316,0.12926,0.25403,0.54808
2025-11-04T23:11:24,4.485,0.41800,0.14525,0.12902,0.25125,0.54402
2025-11-04T23:11:24,4.577,0.41027,0.14380,0.12630,0.23924,0.53128
2025-11-04T23:11:24,4.713,0.40790,0.14185,0.12524,0.25205,0.52945
2025-11-04T23:11:24,4.826,0.39706,0.14717,0.12484,0.25754,0.52886
2025-11-04T23:11:24,4.925,0.38587,0.15082,0.12772,0.26086,0.52739
2025-11-04T23:11:24,5.039,0.37686,0.15722,0.13083,0.26877,0.52202
2025-11-04T23:11:24,5.148,0.38132,0.15792,0.13291,0.26750,0.52753
2025-11-04T23:11:25,5.301,0.40228,0.16809,0.13328,0.27013,0.53690
2025-11-04T23:11:25,5.471,0.42428,0.19233,0.13284,0.23944,0.51867
2025-11-04T23:11:25,5.604,0.40605,0.20907,0.11395,0.14240,0.46557
2025-11-04T23:11:25,5.698,0.29212,0.22359,0.09237,0.16154,0.35522
2025-11-04T23:11:25,5.867,0.20475,0.12787,0.06630,0.13992,0.21163
2025-11-04T23:11:25,6.004,0.13093,0.02836,0.02823,0.08371,0.08990
2025-11-04T23:11:25,6.125,0.07951,0.01744,0.02497,0.08017,0.07536
2025-11-04T23:11:25,6.257,0.06666,0.00846,0.04073,0.06339,0.07853
2025-11-04T23:11:26,6.331,0.07074,0.00835,0.04794,0.06390,0.07603
2025-11-04T23:11:26,6.465,0.07179,0.01031,0.05289,0.05639,0.07766
2025-11-04T23:11:26,6.581,0.08361,0.00963,0.03429,0.07590,0.08335
2025-11-04T23:11:26,6.654,0.09838,0.03478,0.03245,0.06579,0.08505
2025-11-04T23:11:26,6.751,0.27469,0.12370,0.12820,0.15500,0.39615
2025-11-04T23:11:26,6.897,0.36002,0.16070,0.13416,0.25671,0.47244
2025-11-04T23:11:26,7.013,0.34056,0.14515,0.12421,0.26336,0.49317
2025-11-04T23:11:26,7.114,0.33745,0.13626,0.12580,0.26133,0.49227
2025-11-04T23:11:26,7.225,0.33768,0.13874,0.12503,0.25946,0.49054
2025-11-04T23:11:27,7.391,0.33493,0.13662,0.12176,0.24156,0.47616
2025-11-04T23:52:40,0.884,0.02807,0.05404,0.03319,0.03560,0.11258
2025-11-04T23:52:40,1.533,0.02730,0.05082,0.03639,0.03741,0.11168
2025-11-04T23:52:40,1.685
2025-11-04T23:52:40,1.841,0.15122,0.08654,0.07789,0.09968,0.30378
2025-11-04T23:52:40,1.960,0.25299,0.09430,0.08066,0.14672,0.36510
2025-11-04T23:52:40,2.096,0.26505,0.08430,0.05660,0.04527,0.29962
2025-11-04T23:52:41,2.236,0.36788,0.07412,0.08202,0.10182,0.40911
2025-11-04T23:52:41,2.380,0.36013,0.10920,0.09807,0.20888,0.50279
2025-11-04T23:52:41,2.509,0.37138,0.11375,0.09233,0.21714,0.52436
2025-11-04T23:52:41,2.648,0.37115,0.11684,0.09356,0.21495,0.52270
2025-11-04T23:52:41,2.828,0.37334,0.11441,0.09140,0.21496,0.52349
2025-11-04T23:52:41,3.002,0.37659,0.11816,0.09546,0.21603,0.52914
2025-11-04T23:52:42,3.213,0.37095,0.11820,0.09791,0.21717,0.53599
2025-11-04T23:52:42,3.400,0.36228,0.12520,0.10360,0.21021,0.53154
2025-11-04T23:52:42,3.566,0.36234,0.13034,0.10551,0.21316,0.53170
2025-11-04T23:52:42,3.712,0.36158,0.13575,0.10535,0.21415,0.53809
2025-11-04T23:52:42,3.842,0.36053,0.13914,0.10515,0.21618,0.53944
2025-11-04T23:52:42,3.997,0.36038,0.13756,0.10689,0.21551,0.53903
2025-11-04T23:52:43,4.215,0.36048,0.13833,0.10446,0.21388,0.53874
2025-11-04T23:52:43,4.405,0.35738,0.14096,0.10347,0.21605,0.54271
2025-11-04T23:52:43,4.560,0.35779,0.14049,0.10509,0.21448,0.54229
2025-11-04T23:52:43,4.705,0.35932,0.13843,0.10545,0.21357,0.53997
2025-11-04T23:52:43,4.881,0.35467,0.14459,0.10624,0.21107,0.53749
2025-11-04T23:52:43,5.038,0.34167,0.15722,0.10634,0.21060,0.53601
2025-11-04T23:52:43,5.162,0.32242,0.16114,0.10582,0.20335,0.52461
2025-11-04T23:52:44,5.325,0.31222,0.15318,0.10256,0.19438,0.51041
2025-11-04T23:52:44,5.526,0.30661,0.15075,0.10220,0.19817,0.49881
2025-11-04T23:52:44,5.697,0.31239,0.14298,0.10632,0.19290,0.49738
2025-11-04T23:52:44,5.883,0.34301,0.14034,0.11009,0.19739,0.50763
2025-11-04T23:52:44,6.003,0.34415,0.14083,0.10818,0.20658,0.51508
2025-11-04T23:52:44,6.129,0.34069,0.14469,0.10499,0.20945,0.52157
2025-11-04T23:52:45,6.236,0.34064,0.14629,0.10193,0.20992,0.52373
2025-11-04T23:52:45,6.403,0.34358,0.15006,0.10299,0.20986,0.52294
2025-11-04T23:52:45,6.639,0.05219,0.03531,0.03520,0.04955,0.06216
2025-11-04T23:52:45,6.845,0.05105,0.02769,0.03281,0.03626,0.04786
2025-11-04T23:52:45,7.023,0.23068,0.10145,0.09409,0.20675,0.24604
2025-11-04T23:52:45,7.185,0.32784,0.12465,0.11490,0.18294,0.47552
2025-11-04T23:52:46,7.316,0.37170,0.13824,0.10274,0.20019,0.52291
2025-11-04T23:52:46,7.462,0.36428,0.14228,0.11447,0.19417,0.52126
2025-11-04T23:52:46,7.637,0.36168,0.14550,0.11443,0.19785,0.52055
2025-11-04T23:52:46,7.817,0.36357,0.14897,0.11135,0.19802,0.52324
2025-11-04T23:52:46,8.016,0.35877,0.14646,0.11267,0.19783,0.52070
2025-11-04T23:52:47,8.187,0.35800,0.14655,0.11090,0.19526,0.52177
2025-11-04T23:52:47,8.372,0.35537,0.14332,0.11134,0.19075,0.51545
2025-11-04T23:52:47,8.516,0.35520,0.14473,0.10714,0.19349,0.51931
2025-11-04T23:52:47,8.741,0.35774,0.14504,0.10498,0.20039,0.52296
2025-11-04T23:52:47,8.880,0.35210,0.14354,0.10177,0.19756,0.52055
2025-11-04T23:52:47,9.035,0.35109,0.14599,0.10020,0.19843,0.52281
2025-11-04T23:52:48,9.234,0.35015,0.14459,0.09956,0.19559,0.52258
2025-11-04T23:52:48,9.449,0.34786,0.14161,0.10046,0.19456,0.52158
2025-11-04T23:52:48,9.756,0.34572,0.13983,0.09992,0.19462,0.51764
2025-11-04T23:52:48,9.983,0.34743,0.14119,0.10025,0.19528,0.51695
2025-11-04T23:52:49,10.184,0.34311,0.13882,0.09911,0.19160,0.51309
2025-11-04T23:52:49,10.438,0.34158,0.13840,0.09898,0.19123,0.51119
2025-11-05T18:41:43,0.575,0.28902,0.17166,0.11603,0.19582,0.42585
2025-11-05T18:41:43,0.992,0.29011,0.18079,0.12138,0.20910,0.43005
2025-11-05T18:41:43,1.123,0.29331,0.17461,0.11745,0.20911,0.42545
2025-11-05T18:41:43,1.252,0.28718,0.17488,0.11509,0.20670,0.42888
2025-11-05T18:41:43,1.378,0.28908,0.17566,0.11704,0.20254,0.42555
2025-11-05T18:41:43,1.504,0.28595,0.17751,0.11745,0.20512,0.42689
2025-11-05T18:41:44,1.597,0.28627,0.17634,0.11504,0.20346,0.42518
2025-11-05T18:41:44,1.726,0.30043,0.17184,0.11206,0.20664,0.43210
2025-11-05T18:41:44,1.830,0.30985,0.16314,0.10926,0.20453,0.43600
2025-11-05T18:41:44,1.952,0.32000,0.14272,0.10635,0.19725,0.42168
2025-11-05T18:41:44,2.085,0.31529,0.14643,0.10359,0.16625,0.41160
2025-11-05T18:41:44,2.212,0.30801,0.15692,0.10009,0.14326,0.39229
2025-11-05T18:41:44,2.321,0.25773,0.18856,0.10617,0.12917,0.37425
2025-11-05T18:41:44,2.454,0.26051,0.18093,0.10170,0.12971,0.38452
2025-11-05T18:41:45,2.565,0.15076,0.26884,0.10702,0.14008,0.37417
2025-11-05T18:41:45,2.697,0.08479,0.19124,0.09167,0.12977,0.32669
2025-11-05T18:41:45,2.808,0.10361,0.18377,0.09957,0.13286,0.35156
2025-11-05T18:41:45,2.921,0.18291,0.13433,0.09106,0.16047,0.37292
2025-11-05T18:41:45,3.049,0.31989,0.14935,0.12590,0.25098,0.46785
2025-11-05T18:41:45,3.174,0.34369,0.15834,0.12635,0.23728,0.47662
2025-11-05T18:41:45,3.284,0.34946,0.16130,0.12652,0.23071,0.46136
2025-11-05T18:41:45,3.378,0.35319,0.15707,0.13158,0.23344,0.46245
2025-11-05T18:41:45,3.492,0.35524,0.15707,0.12875,0.23343,0.46331
2025-11-05T18:41:46,3.614,0.35671,0.15300,0.12670,0.23152,0.46561
2025-11-05T18:41:46,3.731,0.35535,0.15852,0.12948,0.23403,0.46277
2025-11-05T18:41:46,3.845,0.35442,0.15861,0.13040,0.23356,0.46360
2025-11-05T18:41:46,3.961,0.36163,0.15381,0.12848,0.22776,0.44836
2025-11-05T18:41:46,4.068,0.35786,0.14655,0.11771,0.17838,0.41807
2025-11-05T18:41:46,4.177,0.22738,0.09408,0.08301,0.13022,0.29226
2025-11-05T18:41:46,4.291,0.08797,0.16263,0.10091,0.12208,0.27479
2025-11-05T18:41:46,4.388,0.05309,0.17914,0.10671,0.11749,0.26300
2025-11-05T18:41:47,4.525,0.14451,0.10838,0.09202,0.12370,0.28935
2025-11-05T18:41:47,4.626,0.15633,0.06403,0.09377,0.13046,0.28527
2025-11-05T18:41:47,4.762,0.08398,0.02885,0.16333,0.13464,0.26755
2025-11-05T18:41:47,4.873,0.09018,0.02346,0.15407,0.14402,0.27810
2025-11-05T18:41:47,4.993,0.16516,0.01781,0.06482,0.15190,0.28477
2025-11-05T18:41:47,5.099,0.15794,0.02760,0.06321,0.14413,0.28025
2025-11-05T18:41:47,5.205,0.07410,0.07367,0.10449,0.21556,0.25383
2025-11-05T18:41:47,5.315,0.04717,0.11384,0.09744,0.20176,0.24096
2025-11-05T18:41:47,5.440,0.17553,0.08348,0.03655,0.07960,0.21620
2025-11-05T18:41:48,5.556,0.24135,0.07891,0.07295,0.10273,0.18095
2025-11-05T18:41:48,5.649,0.17178,0.10576,0.10428,0.15578,0.10253
2025-11-05T18:41:48,5.745,0.18427,0.07024,0.10191,0.14916,0.09835
2025-11-05T18:41:48,5.846,0.17098,0.09252,0.10001,0.14714,0.09525
2025-11-05T18:41:48,5.938,0.19353,0.13827,0.05643,0.09296,0.26468
2025-11-05T18:41:48,6.044,0.26589,0.15436,0.09989,0.14902,0.41249
2025-11-05T18:41:48,6.140,0.32595,0.16047,0.11188,0.16545,0.44855
2025-11-05T18:41:48,6.247,0.34442,0.16107,0.11010,0.16977,0.45967
2025-11-05T18:41:48,6.332,0.35724,0.15469,0.10823,0.17313,0.46655
2025-11-05T18:41:48,6.440,0.34115,0.15972,0.11069,0.17783,0.45334
2025-11-05T18:41:49,6.546,0.34275,0.15846,0.11002,0.18062,0.45818
2025-11-05T18:41:49,6.663,0.35339,0.15943,0.11280,0.19992,0.47743
2025-11-05T18:41:49,6.756,0.34405,0.16446,0.11080,0.20315,0.47970
2025-11-05T18:41:49,6.841,0.33242,0.16785,0.11112,0.19509,0.47454
2025-11-05T18:41:49,6.946,0.32384,0.16641,0.10719,0.18743,0.46998
2025-11-05T18:41:49,7.050,0.32733,0.16280,0.10662,0.18123,0.46836
2025-11-05T18:41:49,7.158,0.32900,0.16200,0.10602,0.18193,0.46933
2025-11-05T18:41:49,7.250,0.34873,0.16338,0.10864,0.18504,0.48273
2025-11-05T18:41:49,7.343,0.35458,0.16653,0.10942,0.18643,0.48748
2025-11-05T18:41:49,7.422,0.35648,0.16552,0.10875,0.18411,0.48896
2025-11-05T18:41:49,7.514,0.35610,0.16456,0.10689,0.18071,0.48740
2025-11-05T18:41:50,7.614,0.35580,0.16541,0.10675,0.18115,0.48726
2025-11-05T18:41:50,7.722,0.35790,0.16932,0.10950,0.18490,0.48798
2025-11-05T18:41:50,7.835,0.36114,0.16578,0.10823,0.18548,0.48748
2025-11-05T18:41:50,7.938,0.34927,0.17030,0.10766,0.17702,0.47571
2025-11-05T18:41:50,8.036,0.33698,0.16923,0.10815,0.17850,0.47520
2025-11-05T23:43:23,0.708,0.07030,0.03516,0.02300,0.01140,0.11297
2025-11-05T23:43:24,1.443
2025-11-05T23:43:24,1.657,0.16879,0.11072,0.01675,0.01756,0.27133
2025-11-05T23:43:24,1.800,0.23728,0.05057,0.01211,0.02858,0.26731
2025-11-05T23:43:24,1.915,0.23905,0.05407,0.01091,0.02558,0.26526
2025-11-05T23:43:24,2.063,0.21993,0.05555,0.02555,0.01837,0.27869
2025-11-05T23:43:24,2.190,0.24467,0.04600,0.00791,0.03033,0.26390
2025-11-05T23:43:25,2.328,0.22978,0.06148,0.01749,0.01825,0.27202
2025-11-05T23:43:25,2.494,0.20793,0.06242,0.02950,0.02513,0.27095
2025-11-05T23:43:25,2.632,0.18889,0.08429,0.02680,0.01880,0.26929
2025-11-05T23:43:25,2.749,0.23237,0.01888,0.00906,0.01406,0.24033
2025-11-05T23:43:25,2.856,0.21255,0.02335,0.01438,0.00925,0.23593
2025-11-05T23:43:25,2.970,0.24601,0.02100,0.03819,0.07295,0.22401
2025-11-05T23:43:25,3.103,0.31344,0.05913,0.05556,0.09145,0.31978
2025-11-05T23:43:25,3.211,0.36454,0.09962,0.07598,0.13459,0.36856
2025-11-05T23:43:25,3.336,0.36759,0.09966,0.06802,0.13785,0.39027
2025-11-05T23:43:26,3.469,0.37273,0.09553,0.06760,0.13948,0.39813
2025-11-05T23:43:26,3.585,0.37263,0.09655,0.06951,0.14010,0.39769
2025-11-05T23:43:26,3.728,0.36248,0.09719,0.07213,0.13659,0.39473
2025-11-05T23:43:26,3.805,0.36158,0.09750,0.07413,0.13455,0.39343
2025-11-05T23:43:26,3.895,0.35127,0.10208,0.07684,0.13404,0.38903
2025-11-05T23:43:26,3.988,0.34426,0.10433,0.07340,0.13515,0.38042
2025-11-05T23:43:26,4.097,0.33758,0.10503,0.07055,0.13567,0.37751
2025-11-05T23:43:26,4.245,0.33434,0.10316,0.07093,0.12993,0.37847
2025-11-05T23:43:27,4.413,0.32564,0.09434,0.06901,0.12965,0.36163
2025-11-05T23:43:27,4.563,0.31247,0.09656,0.07007,0.12626,0.35340
2025-11-05T23:43:27,4.717,0.25899,0.09625,0.06754,0.10522,0.32219
2025-11-05T23:43:27,4.860,0.20206,0.10122,0.05837,0.08663,0.28818
2025-11-05T23:43:27,4.998,0.21173,0.09711,0.06015,0.08872,0.29329
2025-11-05T23:43:27,5.130,0.21176,0.09228,0.05929,0.09094,0.29153
2025-11-05T23:43:27,5.274,0.22793,0.08822,0.06207,0.09402,0.29681
2025-11-05T23:43:27,5.359,0.27125,0.09672,0.06550,0.12581,0.33112
2025-11-05T23:43:28,5.460,0.28998,0.09566,0.07679,0.13268,0.34209
2025-11-05T23:43:28,5.582,0.31810,0.08949,0.08243,0.13616,0.35694
2025-11-05T23:43:28,5.683,0.32145,0.08595,0.08042,0.13267,0.36286
2025-11-05T23:43:28,5.790,0.30977,0.09299,0.08056,0.13042,0.35884
2025-11-05T23:43:28,5.918,0.31493,0.09289,0.08128,0.13393,0.36472
2025-11-05T23:43:28,6.041,0.30125,0.09405,0.08261,0.13084,0.35572
2025-11-05T23:43:28,6.116,0.27940,0.09226,0.08177,0.13447,0.34119
2025-11-05T23:43:28,6.215,0.26640,0.08837,0.08002,0.13056,0.33326
2025-11-05T23:43:28,6.317,0.26184,0.08773,0.07989,0.13295,0.33229
2025-11-05T23:43:29,6.401,0.26037,0.08974,0.08415,0.13275,0.33461
2025-11-05T23:43:29,6.466,0.25668,0.08971,0.08378,0.13527,0.33512
2025-11-05T23:43:29,6.565,0.26348,0.08897,0.08156,0.13510,0.33692
2025-11-05T23:43:29,6.689,0.26120,0.09106,0.08231,0.13632,0.34119
2025-11-05T23:43:29,6.842,0.25647,0.09080,0.08270,0.14196,0.33572
2025-11-05T23:43:29,7.017,0.25860,0.08747,0.08071,0.13717,0.33532
2025-11-05T23:43:29,7.134,0.26010,0.09013,0.08477,0.14050,0.33624
2025-11-05T23:43:29,7.256,0.26239,0.09129,0.08475,0.13711,0.33728
2025-11-05T23:43:30,7.405,0.25970,0.09447,0.08702,0.13490,0.33969
2025-11-05T23:43:30,7.501,0.26028,0.09639,0.08291,0.13966,0.33831
2025-11-05T23:43:30,7.655,0.25713,0.09536,0.07632,0.13974,0.33905
2025-11-05T23:43:30,7.758,0.25702,0.09405,0.07502,0.14263,0.34103
2025-11-05T23:43:30,7.922,0.25771,0.09770,0.07697,0.14352,0.34598
2025-11-05T23:43:30,8.061,0.25557,0.09620,0.07192,0.14508,0.34085
2025-11-05T23:43:30,8.204,0.26435,0.09107,0.06905,0.14453,0.33967
2025-11-05T23:43:30,8.334,0.26210,0.08781,0.05960,0.14039,0.32511
2025-11-05T23:43:31,8.452,0.27539,0.08489,0.05839,0.13243,0.32417
2025-11-05T23:43:31,8.522,0.27420,0.08665,0.06183,0.13231,0.32316
2025-11-05T23:43:31,8.622,0.27061,0.08749,0.06063,0.13267,0.32471
2025-11-05T23:43:31,8.745,0.27389,0.08721,0.06484,0.12649,0.31170
2025-11-05T23:43:31,8.816,0.27155,0.08386,0.06636,0.12439,0.30517
2025-11-05T23:43:31,8.912,0.26951,0.07663,0.06387,0.11569,0.29711
2025-11-05T23:43:31,9.074,0.25415,0.08042,0.05665,0.11604,0.27506
2025-11-05T23:43:31,9.238,0.24396,0.06555,0.05182,0.07115,0.25233
2025-11-05T23:43:31,9.334
2025-11-05T23:43:32,9.436
2025-11-05T23:43:32,9.569
2025-11-05T23:43:32,9.685
2025-11-05T23:43:32,9.839
2025-11-05T23:43:32,9.956
2025-11-05T23:43:32,10.049
2025-11-05T23:43:32,10.117
2025-11-05T23:43:32,10.212
2025-11-05T23:43:33,10.332
2025-11-05T23:43:44,0.480,0.33898,0.17568,0.10103,0.20041,0.46659
2025-11-05T23:43:44,0.851,0.32918,0.17400,0.09945,0.20409,0.46251
2025-11-05T23:43:44,0.960,0.33316,0.17372,0.09985,0.20354,0.46412
2025-11-05T23:43:45,1.109,0.32665,0.17515,0.10063,0.20193,0.45775
2025-11-05T23:43:45,1.228,0.32452,0.17603,0.10057,0.20538,0.45590
2025-11-05T23:43:45,1.362,0.32989,0.17401,0.10069,0.20070,0.45903
2025-11-05T23:43:45,1.504,0.32630,0.17556,0.09980,0.20038,0.45543
2025-11-05T23:43:45,1.625,0.32633,0.17394,0.09911,0.19988,0.45429
2025-11-05T23:43:45,1.755,0.34093,0.17030,0.10316,0.19845,0.46453
2025-11-05T23:43:45,1.852,0.35939,0.17000,0.10382,0.23082,0.48686
2025-11-05T23:43:45,1.956,0.37111,0.17915,0.10875,0.24091,0.49959
2025-11-05T23:43:46,2.064,0.37173,0.17733,0.10332,0.23210,0.50248
2025-11-05T23:43:46,2.190,0.37064,0.17658,0.10282,0.22723,0.49814
2025-11-05T23:43:46,2.291,0.36042,0.18152,0.10385,0.21263,0.48734
2025-11-05T23:43:46,2.398,0.32418,0.18850,0.10243,0.17243,0.45472
2025-11-05T23:43:46,2.526,0.32643,0.18975,0.10104,0.17242,0.45715
2025-11-05T23:43:46,2.663,0.22753,0.15060,0.09090,0.24315,0.11238
2025-11-05T23:43:46,2.761,0.24011,0.14390,0.09731,0.24157,0.11156
2025-11-05T23:43:46,2.896,0.22540,0.13931,0.09832,0.24072,0.10664
2025-11-05T23:43:47,3.000,0.24392,0.14504,0.08317,0.22981,0.12828
2025-11-05T23:43:47,3.121,0.36167,0.16648,0.10136,0.15766,0.42909
2025-11-05T23:43:47,3.186,0.38660,0.17120,0.09870,0.18966,0.44657
2025-11-05T23:43:47,3.299,0.39336,0.16848,0.09907,0.18926,0.45533
2025-11-05T23:43:47,3.405,0.38388,0.16973,0.10016,0.18511,0.45055
2025-11-05T23:43:47,3.481,0.38393,0.16837,0.10013,0.18719,0.45024
2025-11-05T23:43:47,3.615,0.35588,0.16654,0.10626,0.17809,0.44062
2025-11-05T23:43:47,3.710,0.35426,0.16769,0.10638,0.17796,0.43808
2025-11-05T23:43:47,3.800,0.35739,0.16724,0.10546,0.17831,0.44259
2025-11-05T23:43:47,3.894,0.35018,0.16622,0.10758,0.17711,0.43903
2025-11-05T23:43:47,3.989,0.35399,0.16522,0.10686,0.17930,0.43844
2025-11-05T23:43:48,4.077,0.34429,0.16108,0.11014,0.17593,0.43208
2025-11-05T23:43:48,4.184,0.33524,0.16032,0.10266,0.17284,0.42520
2025-11-05T23:43:48,4.286,0.33497,0.16059,0.10767,0.17084,0.41979
2025-11-05T23:43:48,4.402,0.33541,0.16026,0.10734,0.17277,0.41982
2025-11-05T23:43:48,4.512,0.33377,0.16122,0.10827,0.17102,0.41507
2025-11-05T23:43:48,4.592,0.32966,0.16198,0.10675,0.17403,0.41079
2025-11-05T23:43:48,4.680,0.32616,0.15718,0.11042,0.17253,0.40376
2025-11-05T23:43:48,4.785,0.32625,0.15620,0.10587,0.17747,0.40085
2025-11-05T23:43:48,4.876,0.33350,0.15215,0.10579,0.18029,0.39970
2025-11-05T23:43:48,4.964,0.32565,0.15407,0.10590,0.17931,0.39813
2025-11-05T23:43:49,5.073,0.32917,0.15371,0.11056,0.17566,0.39653
2025-11-05T23:43:49,5.291,0.32968,0.14793,0.11142,0.17742,0.39357
2025-11-05T23:43:49,5.451,0.33176,0.14717,0.11045,0.17716,0.39462
2025-11-05T23:43:49,5.589,0.32852,0.15051,0.11254,0.17795,0.39355
2025-11-05T23:43:49,5.722,0.33360,0.14788,0.11272,0.17828,0.39515
2025-11-05T23:43:49,5.833,0.33311,0.14602,0.11141,0.17554,0.39414
2025-11-05T23:43:49,5.954,0.33343,0.14441,0.11083,0.17485,0.39389
2025-11-05T23:43:50,6.102,0.33571,0.14168,0.11213,0.17351,0.39505
2025-11-05T23:43:50,6.255,0.33547,0.14495,0.11074,0.17742,0.39561
2025-11-05T23:43:50,6.366,0.33489,0.14837,0.11310,0.17319,0.39701
2025-11-05T23:43:50,6.461,0.33676,0.14697,0.11446,0.17494,0.39643
2025-11-05T23:43:50,6.581,0.33692,0.14812,0.11157,0.17648,0.39629
2025-11-05T23:43:50,6.710,0.33580,0.14742,0.11014,0.17530,0.39598
2025-11-05T23:43:50,6.821,0.33768,0.14733,0.11106,0.17588,0.39663
2025-11-05T23:43:51,6.937,0.33817,0.14848,0.11219,0.17987,0.39765
2025-11-05T23:43:51,7.185,0.33790,0.14965,0.11352,0.17407,0.39695
2025-11-05T23:43:51,7.320,0.33814,0.14685,0.10854,0.17634,0.39647
2025-11-05T23:43:51,7.452,0.32396,0.14107,0.10548,0.18262,0.38821
2025-11-05T23:43:51,7.603,0.29308,0.13503,0.10135,0.18223,0.37270
2025-11-05T23:43:51,7.714,0.27635,0.13348,0.10032,0.17257,0.36558
2025-11-05T23:43:51,7.812,0.26477,0.13369,0.10021,0.17232,0.36053
2025-11-05T23:43:51,7.915,0.25117,0.12674,0.09894,0.17082,0.35600
2025-11-05T23:43:52,8.052,0.17487,0.03204,0.06354,0.10613,0.24603
2025-11-05T23:43:52,8.201,0.03150,0.01919,0.04226,0.07043,0.13630
2025-11-05T23:43:52,8.343,0.03982,0.02015,0.04501,0.07882,0.14302
2025-11-05T23:43:52,8.473,0.06645,0.00927,0.03276,0.04590,0.05632
2025-11-05T23:43:52,8.594,0.08419,0.02831,0.02372,0.09817,0.07553
2025-11-05T23:43:52,8.703,0.07548,0.02226,0.02506,0.08162,0.07458
2025-11-05T23:43:52,8.838,0.07755,0.02186,0.02259,0.05748,0.06182
2025-11-05T23:43:52,8.947,0.06659,0.01460,0.02160,0.04718,0.04943
2025-11-05T23:43:53,9.034,0.06030,0.01377,0.01985,0.04779,0.04869
2025-11-05T23:43:53,9.139,0.05447,0.01725,0.02076,0.05572,0.05262
2025-11-05T23:43:53,9.232,0.05971,0.01457,0.02068,0.05050,0.04666
2025-11-05T23:43:53,9.370,0.05358,0.01806,0.01757,0.05094,0.05063
2025-11-05T23:43:53,9.512,0.05845,0.01905,0.02308,0.04096,0.05706
2025-11-05T23:43:53,9.635,0.05043,0.02109,0.02483,0.04158,0.05980
2025-11-05T23:43:53,9.732,0.05023,0.01945,0.02274,0.04284,0.05634
2025-11-05T23:43:53,9.812,0.04773,0.02062,0.02302,0.04244,0.05902
2025-11-05T23:43:53,9.951,0.04718,0.02319,0.02555,0.04389,0.05764
2025-11-05T23:43:54,10.055,0.04926,0.02735,0.02603,0.04544,0.05858
2025-11-05T23:43:54,10.167,0.05060,0.02371,0.02526,0.04519,0.05798
2025-11-05T23:43:54,10.324,0.04738,0.02848,0.02883,0.04253,0.06281
2025-11-05T23:43:54,10.444,0.05034,0.02729,0.02844,0.03979,0.06692
2025-11-05T23:43:54,10.535,0.05223,0.02290,0.02606,0.04132,0.05717
2025-11-05T23:43:54,10.607,0.04780,0.02243,0.02446,0.03818,0.05289
2025-11-05T23:43:54,10.693,0.04333,0.02676,0.02617,0.04110,0.05527
2025-11-05T23:43:54,10.823,0.05527,0.02314,0.02859,0.04251,0.05606
2025-11-05T23:43:54,10.948,0.04843,0.02515,0.02716,0.04116,0.05998
2025-11-05T23:43:55,11.063,0.05194,0.02393,0.02596,0.04039,0.05906
2025-11-05T23:43:55,11.206,0.04773,0.02758,0.02965,0.04475,0.06295
2025-11-05T23:43:55,11.325,0.05025,0.02425,0.02862,0.04331,0.05975
2025-11-05T23:43:55,11.462,0.05351,0.02304,0.02587,0.04579,0.05867
2025-11-05T23:43:55,11.593,0.05375,0.02109,0.02661,0.04309,0.05789
2025-11-05T23:43:55,11.688,0.05108,0.02121,0.02742,0.04382,0.05580
2025-11-05T23:43:55,11.780,0.05050,0.02640,0.02971,0.04521,0.05816
2025-11-05T23:43:55,11.908,0.04833,0.02378,0.02705,0.04401,0.05919
2025-11-05T23:43:56,12.016,0.04909,0.02537,0.03043,0.04331,0.05992
2025-11-05T23:43:56,12.126,0.05622,0.02295,0.03081,0.04679,0.05934
2025-11-05T23:43:56,12.223,0.16000,0.08486,0.05499,0.08708,0.27633
2025-11-05T23:43:56,12.330,0.31787,0.15654,0.11294,0.16994,0.46516
2025-11-05T23:43:56,12.454,0.35169,0.18087,0.12361,0.20212,0.50352
2025-11-05T23:43:56,12.541,0.35105,0.18133,0.12782,0.19867,0.50331
2025-11-05T23:43:56,12.692,0.34333,0.18017,0.12925,0.20368,0.50885
2025-11-05T23:43:56,12.830,0.34243,0.17918,0.13073,0.20362,0.50758
2025-11-05T23:43:56,12.945,0.34195,0.18243,0.13100,0.20377,0.50992
2025-11-05T23:43:56,13.008,0.34119,0.18228,0.13136,0.20123,0.51225
2025-11-05T23:43:57,13.075,0.34302,0.18325,0.12991,0.20308,0.51291
2025-11-05T23:43:57,13.158,0.33932,0.18073,0.13116,0.20073,0.50853
2025-11-05T23:43:57,13.270,0.34064,0.18047,0.13032,0.20013,0.50577
2025-11-05T23:43:57,13.420,0.34440,0.18265,0.13157,0.19877,0.50786
2025-11-05T23:43:57,13.559,0.34602,0.18331,0.13033,0.19868,0.51051
2025-11-05T23:43:57,13.699,0.34652,0.18480,0.13125,0.19891,0.51109
2025-11-05T23:43:57,13.822,0.35256,0.18238,0.12957,0.19824,0.51463
2025-11-05T23:43:57,13.906,0.34855,0.18396,0.13023,0.20005,0.51479
2025-11-05T23:43:58,14.011,0.34922,0.18572,0.12920,0.19888,0.51814
2025-11-05T23:43:58,14.148,0.34806,0.18420,0.13129,0.19880,0.51708
2025-11-05T23:43:58,14.239,0.33978,0.19085,0.12339,0.19517,0.50892
2025-11-05T23:43:58,14.333,0.34288,0.18402,0.11923,0.18901,0.50219
2025-11-05T23:43:58,14.434,0.35215,0.17924,0.11905,0.19033,0.50778
2025-11-05T23:43:58,14.547,0.35210,0.17545,0.11975,0.18843,0.50951
2025-11-05T23:43:58,14.710,0.35266,0.17569,0.11946,0.18932,0.51249
2025-11-05T23:43:58,14.884,0.35487,0.17627,0.12138,0.18720,0.51657
2025-11-05T23:43:58,14.981,0.35143,0.17750,0.12105,0.18537,0.51508
2025-11-05T23:43:59,15.097,0.36069,0.17548,0.12221,0.19088,0.51729
2025-11-05T23:43:59,15.227,0.34906,0.17782,0.12085,0.18694,0.51290
2025-11-05T23:43:59,15.341,0.35095,0.17560,0.12035,0.18573,0.51477
2025-11-05T23:43:59,15.436,0.34966,0.17775,0.12061,0.18713,0.51281
2025-11-05T23:43:59,15.554,0.35067,0.17830,0.12129,0.18558,0.51541
2025-11-05T23:43:59,15.631,0.35077,0.17705,0.11873,0.18728,0.51683
2025-11-05T23:43:59,15.749,0.34999,0.17728,0.11887,0.18455,0.51315
2025-11-05T23:43:59,15.913,0.35157,0.18072,0.11986,0.18599,0.51405
2025-11-05T23:44:00,16.028,0.35911,0.17725,0.12238,0.18605,0.51594
2025-11-05T23:44:00,16.179,0.35407,0.17743,0.11948,0.18514,0.51637
2025-11-05T23:44:00,16.324,0.35294,0.17977,0.12284,0.18467,0.51492
2025-11-05T23:44:00,16.475,0.35386,0.17793,0.12340,0.18352,0.51729
2025-11-05T23:44:00,16.591,0.35429,0.17688,0.12202,0.18630,0.51740
2025-11-05T23:44:00,16.715,0.35812,0.17907,0.12218,0.18895,0.51692
2025-11-05T23:44:00,16.816,0.35436,0.18283,0.11925,0.18489,0.51621
2025-11-05T23:44:01,16.990,0.35491,0.17949,0.12097,0.18432,0.51609
2025-11-05T23:44:01,17.123,0.35442,0.18021,0.12031,0.18758,0.51786
2025-11-05T23:44:01,17.214,0.35678,0.17837,0.11866,0.18944,0.51943
2025-11-05T23:44:01,17.317,0.35828,0.18054,0.11865,0.18762,0.52083
2025-11-05T23:44:01,17.457,0.35893,0.18109,0.11880,0.19276,0.52028
2025-11-05T23:44:01,17.589,0.35945,0.18207,0.11815,0.18612,0.52254
2025-11-05T23:44:01,17.688,0.36145,0.18541,0.11961,0.18761,0.52476
2025-11-05T23:44:01,17.774,0.35667,0.18662,0.12063,0.18522,0.52113
2025-11-05T23:44:01,17.906,0.34847,0.18759,0.12105,0.18161,0.51897
2025-11-05T23:44:02,18.055,0.33803,0.19170,0.11756,0.17772,0.51270
2025-11-05T23:44:02,18.201,0.33926,0.19186,0.11486,0.18688,0.51093
2025-11-05T23:44:02,18.306,0.30313,0.17334,0.10055,0.16111,0.41096
2025-11-05T23:44:02,18.414,0.29951,0.17584,0.10367,0.15790,0.40374
2025-11-05T23:44:02,18.520,0.18051,0.09275,0.07366,0.09298,0.18948
2025-11-05T23:44:02,18.633,0.04773,0.02360,0.02927,0.04846,0.06365
2025-11-05T23:44:02,18.790,0.05196,0.02041,0.02290,0.04193,0.05896
2025-11-05T23:44:02,18.915,0.05550,0.02232,0.02776,0.03502,0.05992
2025-11-05T23:44:03,19.024,0.12290,0.05757,0.04576,0.08017,0.16883
2025-11-05T23:44:03,19.157,0.31141,0.17918,0.13781,0.20138,0.48792
2025-11-05T23:44:03,19.308,0.33910,0.18690,0.12578,0.20702,0.49327
2025-11-05T23:44:03,19.408,0.33752,0.17971,0.12304,0.20397,0.49945
2025-11-05T23:44:03,19.532,0.34278,0.17931,0.12557,0.19905,0.50547
2025-11-05T23:44:03,19.634,0.34059,0.17657,0.12648,0.19702,0.50570
2025-11-05T23:44:03,19.765,0.34521,0.17771,0.12739,0.19722,0.50403
2025-11-05T23:44:03,19.908,0.34331,0.17769,0.12632,0.19385,0.50739
2025-11-05T23:44:04,20.034,0.34533,0.17716,0.12587,0.19569,0.50698
2025-11-05T23:44:04,20.166,0.34668,0.18016,0.12590,0.19349,0.50811
2025-11-05T23:44:04,20.284,0.34386,0.17958,0.12496,0.19074,0.51010
2025-11-05T23:44:04,20.358,0.34190,0.17964,0.12769,0.19255,0.50482
2025-11-05T23:44:04,20.501,0.34208,0.17975,0.12565,0.19173,0.50561
2025-11-05T23:44:04,20.645,0.34716,0.17750,0.12445,0.19352,0.50849
2025-11-05T23:44:04,20.742,0.34774,0.17791,0.12400,0.19253,0.50853
2025-11-05T23:44:04,20.874,0.35311,0.17519,0.12472,0.19434,0.51370
2025-11-05T23:44:04,20.984,0.35384,0.17574,0.12511,0.19454,0.51684
2025-11-05T23:44:05,21.076,0.35436,0.17497,0.12280,0.19800,0.51482
2025-11-05T23:44:05,21.146,0.34717,0.17923,0.11985,0.19402,0.51482
2025-11-05T23:44:05,21.290,0.34735,0.18264,0.11300,0.17661,0.50533
2025-11-05T23:44:05,21.401,0.34307,0.18082,0.11244,0.17473,0.49287
2025-11-05T23:44:05,21.531,0.33633,0.18601,0.11908,0.17332,0.48829
2025-11-05T23:44:05,21.664,0.33523,0.18457,0.11973,0.17394,0.48994
2025-11-05T23:44:05,21.762,0.33559,0.18561,0.11932,0.17691,0.48674
2025-11-05T23:44:05,21.883,0.33200,0.18730,0.12135,0.17186,0.48574
2025-11-05T23:44:05,21.952,0.33334,0.18960,0.12053,0.17185,0.48787
2025-11-05T23:44:05,22.016,0.33364,0.18594,0.12078,0.16934,0.48915
2025-11-05T23:44:06,22.108,0.33068,0.18844,0.12064,0.17101,0.48932
2025-11-05T23:44:06,22.254,0.33348,0.18604,0.12142,0.17010,0.48937
2025-11-05T23:44:06,22.367,0.33562,0.18770,0.12162,0.17006,0.49115
2025-11-05T23:44:06,22.493,0.33522,0.18635,0.12142,0.17170,0.49063
2025-11-05T23:44:06,22.612,0.33613,0.18485,0.11765,0.17068,0.48673
2025-11-05T23:44:06,22.700,0.33748,0.18313,0.12013,0.16557,0.49440
2025-11-05T23:44:06,22.801,0.33243,0.18401,0.11738,0.16744,0.49196
2025-11-05T23:44:06,22.902,0.33537,0.18358,0.12117,0.16635,0.49219
2025-11-05T23:44:07,23.024,0.33226,0.18400,0.11684,0.16941,0.48772
2025-11-05T23:44:07,23.105,0.33036,0.18457,0.11531,0.16880,0.48539
2025-11-05T23:44:07,23.248,0.32918,0.18445,0.11285,0.16163,0.48075
2025-11-05T23:44:07,23.353,0.32967,0.18281,0.11599,0.16254,0.48361
2025-11-05T23:44:07,23.452,0.32690,0.18330,0.10927,0.15359,0.48725
2025-11-05T23:44:07,23.555,0.32424,0.18122,0.11191,0.15496,0.48676
2025-11-05T23:44:07,23.682,0.32211,0.18067,0.10992,0.15491,0.48423
2025-11-05T23:44:07,23.799,0.31992,0.17986,0.10804,0.15110,0.48131
2025-11-05T23:44:07,23.908,0.32131,0.17893,0.11208,0.15064,0.48225
2025-11-05T23:44:08,23.999,0.32169,0.18062,0.10779,0.15028,0.47583
2025-11-05T23:44:08,24.123,0.31663,0.18121,0.11128,0.15055,0.47541
2025-11-05T23:44:08,24.246,0.31848,0.17941,0.11233,0.15008,0.47684
2025-11-05T23:44:08,24.368,0.31955,0.18041,0.11365,0.15017,0.47895
2025-11-05T23:44:08,24.494,0.31862,0.18011,0.11287,0.14999,0.47872
2025-11-05T23:44:08,24.630,0.31915,0.17981,0.11509,0.14828,0.47904
2025-11-05T23:44:08,24.752,0.31739,0.17941,0.11295,0.15085,0.47873
2025-11-05T23:44:08,24.855,0.31883,0.18154,0.11298,0.15116,0.47788
2025-11-05T23:44:08,24.990,0.31747,0.17977,0.11351,0.14695,0.47705
2025-11-05T23:44:09,25.073,0.31743,0.17969,0.11444,0.14681,0.47741
2025-11-05T23:44:09,25.177,0.32015,0.17894,0.11434,0.14755,0.48055
2025-11-05T23:44:09,25.301,0.31894,0.17795,0.11380,0.14884,0.47992
2025-11-05T23:44:09,25.463,0.31878,0.17906,0.11565,0.14531,0.47953
2025-11-05T23:44:09,25.588,0.31641,0.17765,0.11359,0.14925,0.47669
2025-11-05T23:44:09,25.702,0.31640,0.17807,0.11367,0.14789,0.47734
2025-11-05T23:44:09,25.779,0.31722,0.17864,0.11524,0.14454,0.47793
2025-11-05T23:44:09,25.868,0.32040,0.17835,0.11441,0.14809,0.47872
2025-11-05T23:44:09,25.957,0.31631,0.17879,0.11327,0.14840,0.47829
2025-11-05T23:44:10,26.059,0.31864,0.17934,0.11424,0.14824,0.47946
2025-11-05T23:44:10,26.168,0.31828,0.17873,0.11550,0.14682,0.47849
2025-11-05T23:44:10,26.356,0.31914,0.17803,0.11289,0.14867,0.47557
2025-11-05T23:44:10,26.586,0.31628,0.18064,0.11180,0.14874,0.47757
2025-11-05T23:44:10,26.828,0.31752,0.17929,0.11088,0.15042,0.47492
2025-11-05T23:44:11,27.113,0.31657,0.17964,0.11199,0.14971,0.47562
2025-11-05T23:44:11,27.417,0.31735,0.18028,0.11397,0.14941,0.47732
2025-11-05T23:44:11,27.554,0.31916,0.18097,0.11376,0.14667,0.47429
2025-11-05T23:44:11,27.713
2025-11-05T23:44:11,27.862
2025-11-05T23:44:12,27.982
2025-11-05T23:44:12,28.163
2025-11-05T23:44:12,28.359
2025-11-05T23:44:12,28.502
2025-11-05T23:44:12,28.645
2025-11-05T23:44:12,28.796
2025-11-05T23:44:12,28.961
2025-11-05T23:44:13,29.097
2025-11-05T23:44:13,29.214
2025-11-05T23:44:13,29.348
2025-11-05T23:44:13,29.448
2025-11-05T23:44:13,29.544
2025-11-05T23:44:13,29.694
2025-11-05T23:44:13,29.833
2025-11-05T23:44:13,29.965
2025-11-05T23:44:14,30.098
2025-11-05T23:44:14,30.225
2025-11-05T23:44:14,30.372
2025-11-05T23:44:14,30.488
2025-11-05T23:44:14,30.618
2025-11-05T23:44:14,30.732
2025-11-05T23:44:14,30.833
2025-11-05T23:44:14,30.942
2025-11-05T23:44:15,31.079
2025-11-05T23:44:15,31.190
2025-11-05T23:44:15,31.445
2025-11-05T23:44:15,31.735
2025-11-05T23:44:16,32.008
2025-11-05T23:44:16,32.250
2025-11-05T23:44:16,32.448
2025-11-05T23:44:16,32.649
2025-11-05T23:44:17,32.974
2025-11-05T23:44:17,33.216
2025-11-05T23:44:17,33.417
2025-11-05T23:44:17,33.587
2025-11-05T23:44:17,33.729
2025-11-05T23:44:17,33.857
2025-11-05T23:44:17,33.976
2025-11-05T23:44:18,34.107
2025-11-05T23:44:18,34.260
2025-11-05T23:44:18,34.388
2025-11-05T23:44:18,34.536
2025-11-05T23:44:18,34.768
2025-11-05T23:44:18,34.868
2025-11-05T23:44:18,34.989
2025-11-05T23:44:19,35.068
2025-11-05T23:44:19,35.197
2025-11-05T23:44:19,35.319
2025-11-05T23:44:19,35.408
2025-11-05T23:44:19,35.521
2025-11-05T23:44:19,35.637
2025-11-05T23:44:19,35.729
2025-11-05T23:44:19,35.806
2025-11-05T23:44:19,35.902
2025-11-05T23:44:20,36.053
2025-11-05T23:44:20,36.171
2025-11-05T23:44:20,36.284
2025-11-05T23:44:20,36.417
2025-11-05T23:44:20,36.563
2025-11-05T23:44:20,36.648
2025-11-05T23:44:20,36.785
2025-11-05T23:44:20,36.957
2025-11-05T23:44:21,37.105
2025-11-05T23:44:21,37.197
2025-11-05T23:44:21,37.325
2025-11-05T23:44:21,37.497
2025-11-05T23:44:21,37.647
2025-11-06T14:57:06,0.603,0.35138,0.18722,0.13441,0.20025,0.51165
2025-11-06T14:57:06,0.947,0.33072,0.19154,0.12347,0.19670,0.49524
2025-11-06T14:57:06,1.086,0.33489,0.18594,0.11938,0.19873,0.49974
2025-11-06T14:57:06,1.240,0.33665,0.18318,0.11778,0.19431,0.49721
2025-11-06T14:57:06,1.353,0.33278,0.18226,0.11961,0.19627,0.49442
2025-11-06T14:57:07,1.459,0.33024,0.18571,0.11890,0.19767,0.49482
2025-11-06T14:57:07,1.559,0.32967,0.17838,0.11852,0.19946,0.49027
2025-11-06T14:57:07,1.663,0.32827,0.17941,0.11704,0.19772,0.49030
2025-11-06T14:57:07,1.778,0.31395,0.17012,0.11592,0.19697,0.47638
2025-11-06T14:57:07,1.887,0.29945,0.16136,0.11495,0.19192,0.46926
2025-11-06T14:57:07,2.000,0.28889,0.15843,0.11155,0.19122,0.45983
2025-11-06T14:57:07,2.111,0.18346,0.13096,0.09098,0.15677,0.30154
2025-11-06T14:57:07,2.207,0.09576,0.07002,0.04861,0.08231,0.18217
2025-11-06T14:57:07,2.316,0.07931,0.02940,0.04560,0.04378,0.09406
2025-11-06T14:57:08,2.417,0.08084,0.02236,0.04350,0.03661,0.09244
2025-11-06T14:57:08,2.526,0.07488,0.02635,0.03019,0.05707,0.09124
2025-11-06T14:57:08,2.645,0.06702,0.02198,0.02821,0.05416,0.08201
2025-11-06T14:57:08,2.770,0.07336,0.02444,0.02709,0.05476,0.08132
2025-11-06T14:57:08,2.874,0.06766,0.02135,0.02926,0.05052,0.07268
2025-11-06T14:57:08,2.990,0.06828,0.01854,0.02619,0.05177,0.07100
2025-11-06T14:57:08,3.100,0.09705,0.07288,0.05563,0.07148,0.19678
2025-11-06T14:57:08,3.212,0.19804,0.19227,0.12144,0.16572,0.43374
2025-11-06T14:57:08,3.326,0.44238,0.17090,0.12484,0.19445,0.56980
2025-11-06T14:57:09,3.464,0.47084,0.16651,0.12318,0.19552,0.57993
2025-11-06T14:57:09,3.569,0.48590,0.15012,0.10724,0.19911,0.57070
2025-11-06T14:57:09,3.665,0.42320,0.14212,0.12196,0.22581,0.52065
2025-11-06T14:57:09,3.792,0.42439,0.14206,0.12769,0.23181,0.52577
2025-11-06T14:57:09,3.915,0.42952,0.14526,0.12746,0.23695,0.51958
2025-11-06T14:57:09,4.011,0.43873,0.15733,0.12877,0.23595,0.53407
2025-11-06T14:57:09,4.109,0.44370,0.17467,0.12699,0.23208,0.54866
2025-11-06T14:57:09,4.247,0.44359,0.19975,0.12911,0.22089,0.56095
2025-11-06T14:57:09,4.360,0.46600,0.18388,0.11632,0.15534,0.57053
2025-11-06T14:57:10,4.483,0.42872,0.15241,0.10368,0.13298,0.53747
2025-11-06T14:57:10,4.611,0.34036,0.13985,0.08588,0.10910,0.39632
2025-11-06T14:57:10,4.737,0.19173,0.11217,0.04612,0.14929,0.17906
2025-11-06T14:57:10,4.843,0.16325,0.09566,0.03738,0.10214,0.17067
2025-11-06T14:57:10,4.942,0.06788,0.06229,0.03382,0.07793,0.09906
2025-11-06T14:57:10,5.055,0.06090,0.03151,0.02752,0.06220,0.08090
2025-11-06T14:57:10,5.163,0.05149,0.01842,0.02583,0.04869,0.06478
2025-11-06T14:57:10,5.283,0.05661,0.01491,0.02427,0.05347,0.05535
2025-11-06T14:57:10,5.389,0.05636,0.01986,0.01482,0.05359,0.06202
2025-11-06T14:57:11,5.512,0.07511,0.02213,0.00962,0.04339,0.08978
2025-11-06T14:57:11,5.625
2025-11-06T14:57:11,5.741
2025-11-06T14:57:11,5.851
2025-11-06T14:57:11,5.955
2025-11-06T14:57:11,6.034
2025-11-06T14:57:11,6.160
2025-11-06T14:57:11,6.283
2025-11-06T14:57:11,6.386
2025-11-06T14:57:12,6.481
2025-11-06T14:57:12,6.588
2025-11-06T14:57:12,6.682
2025-11-06T14:57:12,6.765
2025-11-06T14:57:12,6.874
2025-11-06T14:57:12,6.969
2025-11-06T14:57:12,7.084
2025-11-06T14:57:12,7.189
2025-11-06T14:57:12,7.286
2025-11-06T14:57:12,7.367
2025-11-06T14:57:13,7.490
2025-11-06T14:57:13,7.584
2025-11-06T14:57:13,7.669
2025-11-06T14:57:13,7.782
2025-11-06T14:57:13,7.885
2025-11-06T14:57:13,7.993
2025-11-06T14:57:13,8.077
2025-11-06T14:57:13,8.187,0.18489,0.08844,0.05204,0.14409,0.26703
2025-11-06T14:57:13,8.275,0.14234,0.08011,0.07470,0.10563,0.28090
2025-11-06T14:57:13,8.388,0.05944,0.08765,0.11245,0.09009,0.28031
2025-11-06T14:57:14,8.466,0.29624,0.13269,0.08575,0.11829,0.43071
2025-11-06T14:57:14,8.577,0.28833,0.14097,0.08253,0.11544,0.45834
2025-11-06T14:57:14,8.654,0.27873,0.14151,0.07960,0.11642,0.45003
2025-11-06T14:57:14,8.747,0.27930,0.14065,0.07399,0.10945,0.44542
2025-11-06T14:57:14,8.828,0.27475,0.13508,0.07695,0.10972,0.43664
2025-11-06T14:57:14,8.944,0.27017,0.13740,0.07904,0.11791,0.43922
2025-11-06T14:57:14,9.051,0.27990,0.13129,0.08132,0.12084,0.44359
2025-11-06T14:57:14,9.165,0.28516,0.13042,0.07696,0.12157,0.44793
2025-11-06T14:57:14,9.268,0.28301,0.12948,0.07810,0.11822,0.44490
2025-11-06T14:57:14,9.369,0.28008,0.12802,0.07365,0.12648,0.44545
2025-11-06T14:57:15,9.502,0.27421,0.12661,0.07174,0.12577,0.43469
2025-11-06T14:57:15,9.603,0.28004,0.12593,0.07013,0.13083,0.43672
2025-11-06T14:57:15,9.718,0.27786,0.12593,0.07058,0.12783,0.43484
2025-11-06T14:57:15,9.808,0.27934,0.12432,0.07351,0.12384,0.43342
2025-11-06T14:57:15,9.892,0.28177,0.12104,0.07835,0.12023,0.43234
2025-11-06T14:57:15,9.970,0.27586,0.12317,0.07878,0.11842,0.42922
2025-11-06T14:57:15,10.058,0.27642,0.11986,0.07843,0.11871,0.42650
2025-11-06T14:57:15,10.138,0.27365,0.11998,0.07970,0.11583,0.42744
2025-11-06T14:57:15,10.226,0.27703,0.11868,0.07758,0.12115,0.43094
2025-11-06T14:57:15,10.322,0.28247,0.12091,0.08133,0.11847,0.43054
2025-11-06T14:57:16,10.418,0.28177,0.12133,0.08040,0.11854,0.43158
2025-11-06T14:57:16,10.495,0.27904,0.12177,0.07747,0.12032,0.43045
2025-11-06T14:57:16,10.591,0.28052,0.11684,0.07640,0.12314,0.43068
2025-11-06T14:57:16,10.692,0.28253,0.11683,0.07312,0.11664,0.42727
2025-11-06T14:57:16,10.788,0.28013,0.11835,0.07425,0.11601,0.42740
2025-11-06T14:57:16,10.897,0.26325,0.11401,0.07039,0.11426,0.41091
2025-11-06T14:57:16,10.974,0.23511,0.10724,0.06961,0.10738,0.37641
2025-11-06T14:57:16,11.066,0.23269,0.10254,0.06812,0.11070,0.36555
2025-11-06T14:57:16,11.176,0.16181,0.08175,0.05586,0.08391,0.25585
2025-11-06T14:57:16,11.273,0.13010,0.07265,0.05405,0.07386,0.20841
2025-11-06T14:57:16,11.367,0.12456,0.07155,0.05353,0.06663,0.20196
2025-11-06T14:57:17,11.451,0.14921,0.07676,0.05489,0.07999,0.24295
2025-11-06T14:57:17,11.528,0.15112,0.07579,0.05509,0.08353,0.24650
2025-11-06T14:57:17,11.619,0.17825,0.07567,0.05516,0.09337,0.28779
2025-11-06T14:57:17,11.714,0.19109,0.07651,0.05636,0.09926,0.30856
2025-11-06T14:57:17,11.809,0.23702,0.08885,0.06080,0.11230,0.36250
2025-11-06T14:57:17,11.908,0.25211,0.09421,0.05669,0.11672,0.38083
2025-11-06T14:57:17,11.987,0.25535,0.10039,0.05557,0.12169,0.38855
2025-11-06T14:57:17,12.061,0.26862,0.11091,0.06023,0.12038,0.40955
2025-11-06T14:57:17,12.176,0.26759,0.11325,0.06006,0.12033,0.41045
2025-11-06T14:57:17,12.277,0.26687,0.11639,0.06102,0.12071,0.41087
2025-11-06T14:57:17,12.381,0.26405,0.11727,0.06169,0.11834,0.40958
2025-11-06T14:57:18,12.474,0.26488,0.11705,0.06315,0.11700,0.41216
2025-11-06T14:57:18,12.570,0.26286,0.11536,0.06406,0.12145,0.41153
2025-11-06T14:57:18,12.649,0.26384,0.11546,0.06356,0.12007,0.41068
2025-11-06T14:57:18,12.758,0.26148,0.11681,0.06201,0.11945,0.40799
2025-11-06T14:57:18,12.855,0.25980,0.11435,0.06296,0.12529,0.41138
2025-11-06T14:57:18,12.933,0.25926,0.11647,0.06270,0.12371,0.40998
2025-11-06T14:57:18,13.027,0.26111,0.11700,0.06302,0.12085,0.40965
2025-11-06T14:57:18,13.109,0.26137,0.11661,0.06403,0.11955,0.40875
2025-11-06T14:57:18,13.203,0.26255,0.11826,0.06579,0.12030,0.41075
2025-11-06T14:57:18,13.313,0.29924,0.11302,0.07006,0.14406,0.45820
2025-11-06T14:57:19,13.423,0.31167,0.11422,0.07183,0.14827,0.47124
2025-11-06T14:57:19,13.540,0.31631,0.12171,0.08186,0.13673,0.47908
2025-11-06T14:57:19,13.629,0.31295,0.11423,0.09213,0.12731,0.47657
2025-11-06T14:57:19,13.723,0.30521,0.13072,0.10919,0.11703,0.48114
2025-11-06T14:57:19,13.820,0.29926,0.13724,0.11544,0.11702,0.48304
2025-11-06T14:57:19,13.916,0.29495,0.15459,0.10894,0.12113,0.48146
2025-11-06T14:57:19,13.994,0.29054,0.14976,0.11736,0.12164,0.48200
2025-11-06T14:57:19,14.086,0.27060,0.15596,0.12987,0.12290,0.47502
2025-11-06T14:57:19,14.197,0.26578,0.16172,0.12351,0.12601,0.47639
2025-11-06T14:57:19,14.294,0.26504,0.15974,0.12280,0.12888,0.47553
2025-11-06T14:57:20,14.394,0.27472,0.15771,0.12321,0.12866,0.48351
2025-11-06T14:57:20,14.502,0.27986,0.16057,0.12643,0.12832,0.49496
2025-11-06T14:57:20,14.608,0.28407,0.16387,0.12603,0.12811,0.49560
2025-11-06T14:57:20,14.687,0.28712,0.16204,0.12865,0.12519,0.49309
2025-11-06T14:57:20,14.787,0.28735,0.16100,0.12807,0.12648,0.49304
2025-11-06T14:57:20,14.876,0.28662,0.15703,0.12929,0.12771,0.49815
2025-11-06T14:57:20,14.982,0.28798,0.16295,0.12622,0.13456,0.50759
2025-11-06T14:57:20,15.086,0.28457,0.16273,0.12933,0.13335,0.50371
2025-11-06T14:57:20,15.199,0.28845,0.15873,0.13268,0.13204,0.50920
2025-11-06T14:57:20,15.277,0.30171,0.15630,0.12947,0.12909,0.51188
2025-11-06T14:57:20,15.368,0.30789,0.15742,0.12704,0.12780,0.51754
2025-11-06T14:57:21,15.453,0.32306,0.15373,0.12062,0.12516,0.52323
2025-11-06T14:57:21,15.558,0.32473,0.15104,0.11656,0.12630,0.52023
2025-11-06T14:57:21,15.654,0.32338,0.14894,0.11678,0.12567,0.51820
2025-11-06T14:57:21,15.746,0.31562,0.15151,0.11215,0.11892,0.51008
2025-11-06T14:57:21,15.842,0.31562,0.15272,0.10866,0.11799,0.50884
2025-11-06T14:57:21,15.921,0.31649,0.15313,0.10947,0.11792,0.51125
2025-11-06T14:57:21,16.015,0.31591,0.15302,0.10713,0.11907,0.51176
2025-11-06T14:57:21,16.101,0.32004,0.14448,0.10828,0.11674,0.51210
2025-11-06T14:57:21,16.207,0.31529,0.14375,0.10755,0.11803,0.50930
2025-11-06T14:57:21,16.305,0.32081,0.14402,0.10536,0.11902,0.51224
2025-11-06T14:57:22,16.432,0.32065,0.14707,0.10854,0.11714,0.51436
2025-11-06T14:57:22,16.530,0.31830,0.13927,0.10391,0.12533,0.50724
2025-11-06T14:57:22,16.638,0.31409,0.13867,0.09142,0.12817,0.50115
2025-11-06T14:57:22,16.739,0.31100,0.14377,0.08539,0.13015,0.50072
2025-11-06T14:57:22,16.856,0.31923,0.11761,0.06059,0.12611,0.49556
2025-11-06T14:57:22,16.974,0.25377,0.09971,0.06004,0.04960,0.33329
2025-11-06T14:57:22,17.086,0.24427,0.13658,0.04487,0.06623,0.25412
2025-11-06T14:57:22,17.197,0.25850,0.20680,0.04319,0.04225,0.25550
2025-11-06T14:57:22,17.302,0.26115,0.22813,0.04292,0.03791,0.25698
2025-11-06T14:57:22,17.395,0.28141,0.27132,0.04180,0.03340,0.27673
2025-11-06T14:57:23,17.477,0.28488,0.27719,0.04121,0.03574,0.27356
2025-11-06T14:57:23,17.571,0.29202,0.27841,0.04006,0.03381,0.27399
2025-11-06T14:57:23,17.681,0.29205,0.26941,0.03864,0.03380,0.26901
2025-11-06T14:57:23,17.758,0.30139,0.27092,0.03944,0.03453,0.26920
2025-11-06T14:57:23,17.855,0.32209,0.26335,0.03759,0.03124,0.26831
2025-11-06T14:57:23,17.954,0.33256,0.26773,0.03821,0.03003,0.26133
2025-11-06T14:57:23,18.064,0.33706,0.26788,0.03801,0.02875,0.25570
2025-11-06T14:57:23,18.172,0.34152,0.26912,0.03825,0.03116,0.25239
2025-11-06T14:57:23,18.266,0.33846,0.27160,0.03694,0.02918,0.24964
2025-11-06T14:57:23,18.361,0.33044,0.26799,0.04076,0.02846,0.24368
2025-11-06T14:57:24,18.463,0.32984,0.27019,0.04061,0.02998,0.24915
2025-11-06T14:57:24,18.547,0.32824,0.26844,0.04054,0.02951,0.24629
2025-11-06T14:57:24,18.627,0.33070,0.26993,0.04057,0.02921,0.24572
2025-11-06T14:57:24,18.719,0.32598,0.27009,0.03842,0.03004,0.24449
2025-11-06T14:57:24,18.819,0.32568,0.27187,0.03945,0.02611,0.23849
2025-11-06T14:57:24,18.917,0.32797,0.27534,0.04049,0.02607,0.23661
2025-11-06T14:57:24,19.008,0.33064,0.27460,0.04031,0.02480,0.23516
2025-11-06T14:57:24,19.120,0.32854,0.27973,0.03921,0.02472,0.23195
2025-11-06T14:57:24,19.219,0.32465,0.28287,0.03829,0.02453,0.23293
2025-11-06T14:57:24,19.309,0.32277,0.28159,0.03857,0.02471,0.23145
2025-11-06T14:57:25,19.411,0.32133,0.28322,0.03791,0.02607,0.23166
2025-11-06T14:57:25,19.520,0.32194,0.28503,0.03773,0.02534,0.23098
2025-11-06T14:57:25,19.629,0.32428,0.28419,0.03894,0.02610,0.23347
2025-11-06T14:57:25,19.730,0.32136,0.28308,0.03619,0.02568,0.23129
2025-11-06T14:57:25,19.836,0.31928,0.28471,0.03625,0.03011,0.23048
2025-11-06T14:57:25,19.939,0.32137,0.28328,0.03708,0.03109,0.22986
2025-11-06T14:57:25,20.054,0.31994,0.28314,0.03598,0.02671,0.22960
2025-11-06T14:57:25,20.144,0.32125,0.28161,0.03716,0.02719,0.22990
2025-11-06T14:57:25,20.237,0.32309,0.28222,0.03678,0.02923,0.22916
2025-11-06T14:57:25,20.335,0.32691,0.28100,0.03777,0.02842,0.23068
2025-11-06T14:57:26,20.439,0.32450,0.28089,0.03766,0.03072,0.23068
2025-11-06T14:57:26,20.529,0.32642,0.27977,0.03801,0.02901,0.23111
2025-11-06T14:57:26,20.646,0.32730,0.28683,0.03805,0.03304,0.23446
2025-11-06T14:57:26,20.752,0.31604,0.28123,0.03843,0.03583,0.22813
2025-11-06T14:57:26,20.861,0.31278,0.28758,0.03646,0.03305,0.23012
2025-11-06T14:57:26,20.975,0.31367,0.29256,0.03789,0.03377,0.22878
2025-11-06T14:57:26,21.075,0.31022,0.29122,0.03912,0.03518,0.22845
2025-11-06T14:57:26,21.172,0.30613,0.29175,0.03889,0.03596,0.22571
2025-11-06T14:57:26,21.285,0.30524,0.29007,0.03902,0.03739,0.22806
2025-11-06T14:57:26,21.377,0.30577,0.28995,0.03921,0.03730,0.22918
2025-11-06T14:57:27,21.474,0.30342,0.28912,0.03812,0.03652,0.22466
2025-11-06T14:57:27,21.567,0.30321,0.28894,0.03871,0.03752,0.22702
2025-11-06T14:57:27,21.664,0.30572,0.28983,0.03704,0.03602,0.22873
2025-11-06T14:57:27,21.788,0.30831,0.29035,0.03815,0.03703,0.23100
2025-11-06T14:57:27,21.895,0.31973,0.29546,0.03986,0.03806,0.23799
2025-11-06T14:57:27,22.015,0.32391,0.29370,0.03967,0.03773,0.24604
2025-11-06T14:57:27,22.115,0.32510,0.29302,0.03975,0.03551,0.24469
2025-11-06T14:57:27,22.230,0.31349,0.28989,0.03910,0.03477,0.24107
2025-11-06T14:57:27,22.343,0.29989,0.29783,0.04083,0.03522,0.23674
2025-11-06T14:57:28,22.452,0.28162,0.30072,0.04060,0.03659,0.23123
2025-11-06T14:57:28,22.547,0.27114,0.29704,0.03939,0.03645,0.22518
2025-11-06T14:57:28,22.654,0.20604,0.27095,0.04085,0.03440,0.20799
2025-11-06T14:57:28,22.750,0.12988,0.23626,0.03722,0.02956,0.20080
2025-11-06T14:57:28,22.861,0.11609,0.22853,0.03690,0.02980,0.19812
2025-11-06T14:57:28,22.972,0.05781,0.18279,0.03773,0.02843,0.18465
2025-11-06T14:57:28,23.061,0.04027,0.16742,0.03744,0.02683,0.17395
2025-11-06T14:57:28,23.159,0.04277,0.16789,0.03624,0.02649,0.17330
2025-11-06T14:57:28,23.269,0.04528,0.17251,0.03563,0.02748,0.17342
2025-11-06T14:57:28,23.352,0.04342,0.16859,0.03641,0.02570,0.17501
2025-11-06T14:57:29,23.448,0.04620,0.17052,0.03433,0.02519,0.17185
2025-11-06T14:57:29,23.538,0.03944,0.16867,0.03498,0.03028,0.17146
2025-11-06T14:57:29,23.632,0.04296,0.16907,0.03525,0.02572,0.17260
2025-11-06T14:57:29,23.728,0.04663,0.16929,0.03538,0.02767,0.17029
2025-11-06T14:57:29,23.824,0.04260,0.17190,0.03388,0.02607,0.16768
2025-11-06T14:57:29,23.917,0.04425,0.17313,0.03480,0.02834,0.16884
2025-11-06T14:57:29,24.020,0.04115,0.16958,0.03594,0.02667,0.16970
2025-11-06T14:57:29,24.159,0.04186,0.17210,0.03559,0.03049,0.16900
2025-11-06T14:57:29,24.272,0.04004,0.16531,0.03859,0.02955,0.16959
2025-11-06T14:57:29,24.377,0.04357,0.17070,0.03703,0.03147,0.16688
2025-11-06T14:57:30,24.471,0.04554,0.16896,0.03488,0.02676,0.16935
2025-11-06T14:57:30,24.565,0.04089,0.16750,0.03680,0.02914,0.17149
2025-11-06T14:57:30,24.647,0.04008,0.16498,0.03638,0.02587,0.16971
2025-11-06T14:57:30,24.742,0.04445,0.17241,0.03633,0.03244,0.16628
2025-11-06T14:57:30,24.819,0.04449,0.16454,0.03717,0.02736,0.16782
2025-11-06T14:57:30,24.918,0.04510,0.17206,0.03699,0.03145,0.16726
2025-11-06T14:57:30,25.012,0.03997,0.16870,0.03605,0.02892,0.17072
2025-11-06T14:57:30,25.093,0.04406,0.16383,0.03749,0.02656,0.16986
2025-11-06T14:57:30,25.174,0.04291,0.16562,0.03711,0.02801,0.16978
2025-11-06T14:57:30,25.249,0.04440,0.17052,0.03634,0.03097,0.16763
2025-11-06T14:57:30,25.358,0.04049,0.16948,0.03551,0.02899,0.17148
2025-11-06T14:57:31,25.478,0.04026,0.16841,0.03689,0.02917,0.17287
2025-11-06T14:57:31,25.584,0.04199,0.16456,0.03695,0.02621,0.16816
2025-11-06T14:57:31,25.693,0.04136,0.16339,0.03773,0.02986,0.16595
2025-11-06T14:57:31,25.782,0.04163,0.16733,0.03534,0.02592,0.17086
2025-11-06T14:57:31,25.889,0.04407,0.16959,0.03448,0.02800,0.17094
2025-11-06T14:57:31,25.987,0.04330,0.16751,0.03592,0.02683,0.17132
2025-11-06T14:57:31,26.084,0.04430,0.17229,0.03695,0.02934,0.16982
2025-11-06T14:57:31,26.177,0.04656,0.16988,0.03891,0.02770,0.16904
2025-11-06T14:57:31,26.276,0.04144,0.16765,0.04050,0.03059,0.17234
2025-11-06T14:57:31,26.367,0.04550,0.17451,0.03648,0.03016,0.17273
2025-11-06T14:57:32,26.465,0.04735,0.17398,0.03800,0.02910,0.17746
2025-11-06T14:57:32,26.576,0.04809,0.17862,0.03690,0.03074,0.17383
2025-11-06T14:57:32,26.654,0.04576,0.17571,0.03826,0.02939,0.17784
2025-11-06T14:57:32,26.764,0.04373,0.17349,0.03680,0.03034,0.17604
2025-11-06T14:57:32,26.858,0.03667,0.16990,0.03768,0.03047,0.17694
2025-11-06T14:57:32,26.938,0.03803,0.16786,0.03807,0.03029,0.17550
2025-11-06T14:57:32,27.050,0.03625,0.16615,0.03735,0.03121,0.17297
2025-11-06T14:57:32,27.159,0.03641,0.16375,0.03820,0.03087,0.17584
2025-11-06T14:57:32,27.259,0.03431,0.16421,0.03652,0.03059,0.17348
2025-11-06T14:57:32,27.354,0.03261,0.16642,0.03648,0.03112,0.17605
2025-11-06T14:57:33,27.443,0.03364,0.16130,0.03688,0.03055,0.17565
2025-11-06T14:57:33,27.521,0.03357,0.16139,0.03926,0.03016,0.17289
2025-11-06T14:57:33,27.634,0.03517,0.16203,0.03890,0.03090,0.17553
2025-11-06T14:57:33,27.742,0.03433,0.16126,0.03949,0.03211,0.17161
2025-11-06T14:57:33,27.838,0.03304,0.15871,0.03710,0.03238,0.17247
2025-11-06T14:57:33,27.939,0.03350,0.15928,0.03763,0.03252,0.16939
2025-11-06T14:57:33,28.018,0.03165,0.15919,0.03811,0.03255,0.17086
2025-11-06T14:57:33,28.108,0.02703,0.15536,0.03909,0.03171,0.16936
2025-11-06T14:57:33,28.209,0.02885,0.15383,0.03907,0.03179,0.17104
2025-11-06T14:57:33,28.317,0.02650,0.15236,0.03765,0.03173,0.16865
2025-11-06T14:57:34,28.407,0.02390,0.14830,0.03926,0.03068,0.16908
2025-11-06T14:57:34,28.517,0.02175,0.14306,0.03818,0.03260,0.16917
2025-11-06T14:57:34,28.614,0.02541,0.14768,0.03770,0.03174,0.16894
2025-11-06T14:57:34,28.728,0.01987,0.14398,0.03963,0.03421,0.16959
2025-11-06T14:57:34,28.828,0.01539,0.14569,0.03717,0.03016,0.16762
2025-11-06T14:57:34,28.942,0.01370,0.13858,0.03806,0.03102,0.16582
2025-11-06T14:57:34,29.030,0.01737,0.14076,0.03855,0.03392,0.16677
2025-11-06T14:57:34,29.146,0.01724,0.13705,0.03815,0.03034,0.16538
2025-11-06T14:57:34,29.247,0.01828,0.13873,0.03962,0.03275,0.16772
2025-11-06T14:57:34,29.351,0.01511,0.13540,0.03461,0.02947,0.16458
2025-11-06T14:57:35,29.465,0.01384,0.13246,0.03936,0.03242,0.16668
2025-11-06T14:57:35,29.571,0.01176,0.13751,0.03643,0.03128,0.16411
2025-11-06T14:57:35,29.672,0.00902,0.13848,0.03622,0.03006,0.16441
2025-11-06T14:57:35,29.747,0.01189,0.13734,0.03765,0.03297,0.16574
2025-11-06T14:57:35,29.837,0.01362,0.14010,0.03772,0.03396,0.16445
2025-11-06T14:57:35,29.938,0.01113,0.14075,0.03721,0.03348,0.16347
2025-11-06T14:57:35,30.044,0.00696,0.13734,0.03825,0.03338,0.16385
2025-11-06T14:57:35,30.141,0.01145,0.14047,0.03639,0.03328,0.16731
2025-11-06T14:57:35,30.234,0.01021,0.13839,0.03729,0.03355,0.16509
2025-11-06T14:57:35,30.316,0.01407,0.13496,0.03883,0.03346,0.16775
2025-11-06T14:57:36,30.409,0.01490,0.13603,0.03754,0.03139,0.16757
2025-11-06T14:57:36,30.486,0.01711,0.14033,0.03755,0.03195,0.16885
2025-11-06T14:57:36,30.568,0.00778,0.13478,0.03933,0.03376,0.16242
2025-11-06T14:57:36,30.678,0.01429,0.14015,0.03751,0.03380,0.16803
2025-11-06T14:57:36,30.771,0.01320,0.14088,0.03664,0.03492,0.16894
2025-11-06T14:57:36,30.868,0.01253,0.13906,0.03550,0.03209,0.16575
2025-11-06T14:57:36,30.961,0.00856,0.13989,0.03698,0.03581,0.16347
2025-11-06T14:57:36,31.072,0.12890,0.10540,0.05547,0.03825,0.18677
2025-11-06T14:57:36,31.182,0.21695,0.03945,0.08867,0.08710,0.35683
2025-11-06T14:57:36,31.276,0.26497,0.10260,0.08101,0.09833,0.43332
2025-11-06T14:57:36,31.374,0.28906,0.09441,0.07961,0.09676,0.45703
2025-11-06T14:57:37,31.478,0.29144,0.09071,0.07204,0.10087,0.45497
2025-11-06T14:57:37,31.596,0.30349,0.09209,0.06470,0.10045,0.46813
2025-11-06T14:57:37,31.695,0.31188,0.09030,0.06647,0.10505,0.47740
2025-11-06T14:57:37,31.820,0.31507,0.09022,0.06713,0.10567,0.47928
2025-11-06T14:57:37,31.922,0.31544,0.09095,0.06442,0.10633,0.47818
2025-11-06T14:57:37,32.029,0.31617,0.08708,0.06488,0.10997,0.48056
2025-11-06T14:57:37,32.137,0.31639,0.08902,0.06402,0.10540,0.48032
2025-11-06T14:57:37,32.232,0.31772,0.08967,0.06188,0.10782,0.47952
2025-11-06T14:57:37,32.341,0.31683,0.09265,0.06166,0.10594,0.48122
2025-11-06T14:57:38,32.439,0.31705,0.09262,0.06288,0.10867,0.48036
2025-11-06T14:57:38,32.518,0.31942,0.08962,0.06590,0.10826,0.47915
2025-11-06T14:57:38,32.634,0.31921,0.09102,0.06494,0.10692,0.48087
2025-11-06T14:57:38,32.728,0.31450,0.08807,0.06282,0.10958,0.47761
2025-11-06T14:57:38,32.824,0.31490,0.09069,0.06338,0.10825,0.47632
2025-11-06T14:57:38,32.895,0.31768,0.09267,0.06494,0.10849,0.47826
2025-11-06T14:57:38,32.984,0.31684,0.09011,0.06513,0.10936,0.47890
2025-11-06T14:57:38,33.086,0.31428,0.09484,0.05927,0.10874,0.47614
2025-11-06T14:57:38,33.170,0.31440,0.09059,0.06444,0.10912,0.47383
2025-11-06T14:57:38,33.275,0.31387,0.09235,0.06526,0.10678,0.46974
2025-11-06T14:57:38,33.376,0.31315,0.09371,0.06434,0.10957,0.47069
2025-11-06T14:57:39,33.485,0.31108,0.09428,0.06357,0.11134,0.47050
2025-11-06T14:57:39,33.579,0.30840,0.09677,0.06322,0.10950,0.47211
2025-11-06T14:57:39,33.689,0.31250,0.09821,0.06205,0.10888,0.47259
2025-11-06T14:57:39,33.785,0.27930,0.09782,0.06204,0.10841,0.44540
2025-11-06T14:57:39,33.895,0.26148,0.09461,0.06780,0.11021,0.42210
2025-11-06T14:57:39,33.990,0.02061,0.15606,0.08417,0.10639,0.27813
2025-11-06T14:57:39,34.099,0.15321,0.09821,0.06619,0.09920,0.33758
2025-11-06T14:57:39,34.197,0.18421,0.10944,0.06165,0.10101,0.36686
2025-11-06T14:57:39,34.305,0.18266,0.10756,0.05515,0.10343,0.36649
2025-11-06T14:57:40,34.406,0.17834,0.10676,0.05291,0.10157,0.35542
2025-11-06T14:57:40,34.500,0.16499,0.10560,0.05480,0.09078,0.33818
2025-11-06T14:57:40,34.606,0.14491,0.10564,0.05123,0.04776,0.29372
2025-11-06T14:57:40,34.687,0.09172,0.08107,0.07220,0.02099,0.20570
2025-11-06T14:57:40,34.781,0.10261,0.12637,0.04933,0.03426,0.18155
2025-11-06T14:57:40,34.875,0.06801,0.04619,0.09025,0.12573,0.04887
2025-11-06T14:57:40,34.993,0.09600,0.04596,0.08516,0.10599,0.05570
2025-11-06T14:57:40,35.096,0.09275,0.05653,0.07593,0.10101,0.04585
2025-11-06T14:57:40,35.202,0.08637,0.05546,0.06806,0.08202,0.05971
2025-11-06T14:57:40,35.317,0.07293,0.04600,0.07451,0.10137,0.03795
2025-11-06T14:57:41,35.426,0.06353,0.04715,0.07530,0.10793,0.03498
2025-11-06T14:57:41,35.520,0.07893,0.05165,0.07073,0.10617,0.04434
2025-11-06T14:57:41,35.615,0.09258,0.05428,0.07710,0.09720,0.04713
2025-11-06T14:57:41,35.709,0.08468,0.05440,0.06147,0.09901,0.05010
2025-11-06T14:57:41,35.792,0.06821,0.05133,0.06918,0.12281,0.04399
2025-11-06T14:57:41,35.884,0.07793,0.05442,0.06450,0.10319,0.04583
2025-11-06T14:57:41,35.996,0.07232,0.05474,0.07307,0.08576,0.04337
2025-11-06T14:57:41,36.106,0.07760,0.06422,0.06169,0.13191,0.06023
2025-11-06T14:57:41,36.195,0.11797,0.10955,0.05306,0.07560,0.28045
2025-11-06T14:57:41,36.291,0.12899,0.10738,0.05340,0.08400,0.30387
2025-11-06T14:57:41,36.386,0.15828,0.12922,0.01760,0.02861,0.11463
2025-11-06T14:57:42,36.478
2025-11-06T14:57:42,36.597
2025-11-06T14:57:42,36.712
2025-11-06T14:57:42,36.801
2025-11-06T14:57:42,36.928
2025-11-06T14:57:42,37.036
2025-11-06T14:57:42,37.147
2025-11-06T14:57:42,37.245
2025-11-06T14:57:42,37.336
2025-11-06T14:57:43,37.449
2025-11-06T14:57:43,37.545
2025-11-06T14:57:43,37.661
2025-11-06T14:57:43,37.764
2025-11-06T14:57:43,37.878
2025-11-06T14:57:43,37.987
2025-11-06T14:57:43,38.083
2025-11-06T14:57:43,38.176
2025-11-06T14:57:43,38.268
2025-11-06T14:57:43,38.384
2025-11-06T14:57:44,38.495
2025-11-06T14:57:44,38.621
2025-11-06T14:57:44,38.740
2025-11-06T14:57:44,38.844
2025-11-06T14:57:44,38.952
2025-11-06T14:57:44,39.083
2025-11-06T14:57:44,39.224
2025-11-06T14:57:44,39.358
