2025-11-06T00:00:45,2.603,115.43396380615195,80.65977932030313,143.09786860746738,163.783393541592,339.60712595586097,147.12239802287073,2.3083305500707496
2025-11-06T00:00:46,2.814,115.76700738984316,80.61017305526642,139.05754204644924,163.783393541592,341.84353145847297,144.08677940741129,2.372483671745458
2025-11-06T00:00:46,3.032,112.92475370794483,83.45058418010026,133.18032887780387,168.4339633209407,335.1611552671341,147.08500943332058,2.2786901028080355
2025-11-06T00:00:46,3.210,111.23398761170077,82.80700453464067,132.01893803541975,164.7118696390761,335.9345174286203,147.16657229140046,2.282682216471317
2025-11-06T00:00:46,3.315,110.4943437466371,82.75868534480233,131.03434664239754,171.1636643683466,332.6409475695979,144.4195277654653,2.3032961865780424
2025-11-06T00:00:46,3.494,112.53888216967503,82.73451516749222,132.7742444904131,169.59363195591985,336.82339586198583,147.33974345029924,2.2860321863910626
2025-11-06T00:00:47,3.746,111.23398761170077,81.34494452638098,132.5745073534124,165.8493292117879,333.63602922945836,144.1700384962146,2.3141842279401104
2025-11-06T00:00:47,3.981,112.16059914247963,82.07313811473277,133.75350462698165,170.53152201279386,333.5386034629275,147.12239802287073,2.2670824289519644
2025-11-06T00:00:47,4.225,112.16059914247963,81.34494452638098,131.59407281484982,171.1286066091815,335.43553777141744,143.28293687665675,2.3410710659858456
2025-11-06T00:00:47,4.411,114.38968484964018,82.13403679352427,133.75350462698165,169.24833824885843,335.25661813005274,142.28492541376264,2.356234275381816
2025-11-06T00:00:48,4.662,124.77579893553076,76.69419795525604,132.2800060477773,177.7751388693031,346.5775526487542,146.76852523616907,2.3613888065650808
2025-11-06T00:00:48,4.895,140.45995870709916,80.7093550959243,143.33875958721003,200.50436404228213,354.4079570212836,141.90489773083945,2.4975033468789287
2025-11-06T00:00:48,5.122,44.77722635447622,50.44799302251776,90.75791976461338,96.42095207992918,309.0792778560219,110.3675676999362,2.8004538316576544
2025-11-06T00:00:48,5.336,30.14962686336267,16.55294535724685,2.8284271247461903,44.28317965096906,252.81020549020565,105.0,2.4077162427638634
2025-11-06T00:00:48,5.550,135.02962637880623,88.41379982785493,146.66969693839283,228.44255295369118,338.19520990102745,166.0903368652132,2.03621243886983
2025-11-06T00:00:49,5.812,147.2582765076381,88.52683209061533,157.0,245.2835094334717,348.08045047086455,173.34935823359717,2.007970805417164
2025-11-06T00:00:49,6.030,145.79780519610026,87.78382538941898,158.05062480104277,244.8999795835026,351.7911312128263,177.13271860387624,1.986031344099339
2025-11-06T00:00:49,6.237,144.90341610879986,85.7962703152066,158.3161394173064,241.37315509393335,353.1359511576243,167.20047846821492,2.1120510801932664
2025-11-06T00:00:49,6.474,145.3616180427282,86.55634003352961,155.3898323572041,245.7356303021603,349.91427521608773,168.57639217873896,2.0757015302894786
2025-11-06T00:00:50,6.839,147.24808997063425,83.73768566183328,156.54072952429985,247.78216239269526,352.23003846918,170.03823099526764,2.071475552336127
2025-11-06T00:00:50,7.071,137.2953021774598,78.81624198095213,153.9415473483361,242.89298054904756,353.41335571820144,161.04657711357916,2.194479150394822
2025-11-06T00:00:50,7.304,135.07405376311175,81.83520025025906,153.73028328862208,237.32045845227924,355.2576529787923,160.0781059358212,2.219276964216598
2025-11-06T00:00:50,7.531,131.2288078129189,83.23460818673925,152.8953890737062,233.79050451205242,360.8171281965422,156.7322557739791,2.302124259073196
2025-11-06T00:00:51,7.890,129.79984591670362,83.40863264674707,150.7647173578752,232.93775992741064,355.9845502265513,162.265215003093,2.193843888351337
2025-11-06T00:00:51,8.114,128.14054783713078,83.40863264674707,151.42654985173505,231.23364807051763,363.7938976948349,162.0863967148385,2.244444352321954
2025-11-06T00:00:51,8.387,126.49110640673517,84.20213774008353,147.49237268414933,230.8462691922917,363.9890108231291,159.20113064925135,2.286346895519619
2025-11-06T00:00:51,8.607,127.58134659894448,85.0,146.98639392814562,222.17110523198104,365.67882082505133,158.66001386612822,2.304795089288208
2025-11-06T00:00:52,8.826,123.70933675353692,84.0535543567314,147.29901561110313,218.76928486421488,359.12393403949005,160.1624175641714,2.2422484594152796
2025-11-06T00:00:52,9.035,126.01587201618692,83.40863264674707,144.5856147754679,221.0,366.5801413060997,154.53802121160993,2.372103243150364
2025-11-06T00:00:52,9.257,129.2749008895385,84.62860036654276,144.55448799674122,216.5386801474508,366.23080154459973,155.76905982896602,2.3511138986568967
2025-11-06T00:00:52,9.452,130.08458786497346,88.20430828479978,144.81022063376605,217.26481537515457,361.5093359790311,152.34500319997372,2.3729648389222224
2025-11-06T00:00:53,9.661,132.01893803541975,87.36704184073076,144.55448799674122,216.7071757002984,364.3212867785795,152.0855022676389,2.395503064700077
2025-11-06T00:00:53,9.893,131.18688958886096,84.59905436823747,143.61058456812992,218.40329667841556,363.00550960006103,152.34500319997372,2.3827857952358733
2025-11-06T00:00:53,10.101,131.18688958886096,84.31488599292535,144.81022063376605,212.8097742116184,364.156559737704,151.34397906755325,2.4061516155536036
2025-11-06T00:00:53,10.318,132.31024147812596,85.14693182963201,145.04137340772803,208.92582415776178,364.00274724238005,153.52524222420234,2.3709635104226345
2025-11-06T00:00:53,10.532,130.51053597315428,86.28441342444185,146.53668482670133,205.56507485465522,363.4116123626211,150.88074761214565,2.408601614944325
2025-11-06T00:00:54,10.752,124.34226956268733,81.88406438373708,139.17614738165446,168.75129629131743,345.7658167025769,140.46351839534705,2.4616058365374864
2025-11-06T00:00:54,10.962,109.27488274987991,79.62411694957753,121.8400590938793,137.41906709041507,318.3535770177555,122.723265927859,2.5940768004405523
2025-11-06T00:00:54,11.201,78.54934754662193,45.221676218380054,64.41273166075166,101.92153844992725,291.3417237540823,107.20074626605917,2.7177210411484234
2025-11-06T00:00:54,11.438,43.41658669218482,34.539832078341085,9.433981132056603,34.92849839314596,210.48752932181043,86.28441342444185,2.439461786526852
2025-11-06T00:00:55,11.658,34.058772731852805,26.419689627245813,5.0990195135927845,39.408120990476064,215.44836968517538,92.13576938409967,2.338379232358767
2025-11-06T00:00:55,11.868,22.360679774997898,21.633307652783937,4.123105625617661,20.396078054371138,205.7668583615933,86.02325267042627,2.391991141626913
2025-11-06T00:00:55,12.081,22.135943621178654,23.021728866442675,6.4031242374328485,28.160255680657446,209.02152999152983,92.13576938409967,2.268625218943488
2025-11-06T00:00:55,12.320,23.323807579381203,23.853720883753127,9.219544457292887,29.274562336608895,204.55317157159897,93.13431161500041,2.196324512679956
2025-11-06T00:00:55,12.537,77.41446893184762,64.13267497929586,34.713109915419565,44.598206241955516,227.8815481779953,104.92378186092989,2.171876996199379
2025-11-06T00:00:56,12.762,109.83624174196785,75.0,127.31457104353767,112.36102527122117,303.0594001181947,121.49485585818027,2.4944216607158487
2025-11-06T00:00:56,12.995,118.96217886370441,67.47592163134935,128.89142717807107,175.45369759569047,312.69953629642623,127.73801313626261,2.447975576094633
2025-11-06T00:00:56,13.205,117.38824472663352,66.70832032063167,132.67252918370102,181.1767093199344,315.67071451118176,127.1416532848303,2.482826881321084
2025-11-06T00:00:56,13.424,118.59595271340417,68.24954212300622,131.21356637177422,179.0111728356641,313.82319863260585,129.55307792561317,2.42235231811935
2025-11-06T00:00:56,13.642,118.59595271340417,66.70832032063167,131.21356637177422,177.2794404323299,313.10701046127986,127.73801313626261,2.4511654970496344
2025-11-06T00:00:57,13.870,111.40017953306898,69.42621983083913,126.38433447227548,163.0828010551695,316.7238544852598,125.44720004846661,2.524758259753054
2025-11-06T00:00:57,14.110,98.88377015466189,67.11929677819934,84.75848040166836,131.84839779079607,300.20159892978586,122.64175471673585,2.4477927572314813
2025-11-06T00:00:57,14.632,24.041630560342615,22.20360331117452,25.079872407968907,113.8859078200635,144.01388821915754,96.74709297958259,1.488560366868595
2025-11-06T00:00:58,14.906,24.515301344262525,20.248456731316587,25.0,27.202941017470888,168.51409436602032,59.464274989274024,2.8338711671237284
2025-11-06T00:00:58,15.196,23.769728648009426,19.235384061671343,25.0,37.12142238654117,172.02616080119907,65.19202405202648,2.638760850006952
2025-11-06T00:00:58,15.434,20.223748416156685,20.615528128088304,15.0,54.120236510939236,178.53851125177448,63.8200595424354,2.797529687872826
2025-11-06T00:00:59,15.710,23.194827009486403,18.027756377319946,20.396078054371138,46.87216658103186,177.72450590731714,57.8013840664737,3.074744814119459
2025-11-06T00:00:59,15.962,23.021728866442675,18.384776310850235,18.110770276274835,51.0,180.23595645708434,57.688820407423826,3.1242787629245794
2025-11-06T00:00:59,16.219,23.194827009486403,18.35755975068582,17.11724276862369,48.30113870293329,179.86939706353607,57.8013840664737,3.1118527690734825
2025-11-06T00:00:59,16.487,20.024984394500787,19.235384061671343,18.788294228055936,53.009433122794285,182.01373574541017,53.665631459994955,3.391625716378504
2025-11-06T00:01:00,16.736,24.020824298928627,18.35755975068582,17.08800749063506,53.600373133029585,187.29655629509048,52.0,3.6018568518286633
2025-11-06T00:01:00,17.025,21.0,22.847319317591726,18.027756377319946,53.823786563191554,187.0721785835617,51.894122981316485,3.604881783066525
2025-11-06T00:01:00,17.280,19.026297590440446,23.40939982143925,17.72004514666935,53.53503525729669,190.3943276465977,54.589376255824725,3.4877542244546618
2025-11-06T00:01:01,17.737,21.0,23.259406699226016,17.08800749063506,54.644304369257,189.40168953839878,56.859475903318,3.331048809884411
2025-11-06T00:01:01,18.263,22.090722034374522,24.166091947189145,17.46424919657298,56.859475903318,191.2694434560837,57.271284253105414,3.339709349117879
2025-11-06T00:01:01,18.508,20.09975124224178,21.02379604162864,17.72004514666935,53.33854141237835,189.40168953839878,52.392747589718944,3.615036398197318
2025-11-06T00:01:02,18.778,20.024984394500787,20.591260281974,13.92838827718412,54.20332093147061,187.8643127366132,53.16013544000805,3.5339321689392738
2025-11-06T00:01:02,19.024,20.024984394500787,21.93171219946131,14.560219778561036,56.43580423808985,192.37983262286096,52.92447448959697,3.6349880556806635
2025-11-06T00:01:02,19.252,18.110770276274835,21.93171219946131,14.317821063276353,54.20332093147061,186.86893802876924,52.55473337388365,3.555701380869933
2025-11-06T00:01:02,19.546,21.095023109728988,20.12461179749811,16.55294535724685,57.14017850864661,189.2828571212935,53.14132102234569,3.5618771509594365
2025-11-06T00:01:03,19.779,18.0,21.02379604162864,17.46424919657298,54.70831746635972,186.30351580150065,52.92447448959697,3.52017696157042
2025-11-06T00:01:03,20.069,18.0,23.40939982143925,15.652475842498529,56.60388679233962,189.16923639957952,53.16013544000805,3.55847920314386
2025-11-06T00:01:03,20.337,18.0,20.12461179749811,16.1245154965971,54.589376255824725,183.20753259623362,55.65968020030299,3.2915663894748053
2025-11-06T00:01:03,20.609,18.0,22.360679774997898,16.492422502470642,51.478150704935004,187.29655629509048,52.354560450833695,3.5774640199869725
2025-11-06T00:01:04,20.852,20.024984394500787,20.615528128088304,18.384776310850235,56.302753041036986,188.66372200293304,56.08029957123981,3.364171080492716
2025-11-06T00:01:04,21.097,23.021728866442675,23.40939982143925,14.035668847618199,59.50630218724736,190.77997798511248,59.50630218724736,3.206046603010026
2025-11-06T00:01:04,21.414,23.0,24.166091947189145,21.095023109728988,50.60632371551998,194.17775361765828,59.53990258641679,3.2613045232283815
2025-11-06T00:01:05,21.662,21.02379604162864,22.825424421026653,18.027756377319946,52.478567053607705,190.07366992826755,57.706152185014034,3.29381985683025
2025-11-06T00:01:05,21.993,20.0,25.495097567963924,18.439088914585774,53.33854141237835,192.0520762709948,57.8013840664737,3.322620718737944
2025-11-06T00:01:05,22.220,22.02271554554524,24.596747752497688,19.4164878389476,52.478567053607705,192.5123372669918,57.688820407423826,3.337082226805558
2025-11-06T00:01:05,22.479,22.02271554554524,22.825424421026653,18.788294228055936,53.33854141237835,189.08463713374496,58.137767414994535,3.252354631784113
2025-11-06T00:01:06,23.535,22.02271554554524,23.259406699226016,17.72004514666935,54.589376255824725,192.03385118254542,58.83026432033091,3.2642017403987973
2025-11-06T00:01:07,24.321,24.0,23.259406699226016,19.235384061671343,52.478567053607705,193.3416664870767,58.83026432033091,3.2864320553504727
2025-11-06T00:01:07,24.617,21.213203435596427,23.706539182259394,18.681541692269406,52.354560450833695,191.8593234638338,60.74537019394976,3.1584188696399282
2025-11-06T00:01:09,25.939,23.194827009486403,22.47220505424423,17.11724276862369,49.193495504995376,192.35384061671346,57.8013840664737,3.3278414301550203
2025-11-06T00:01:10,27.065,22.090722034374522,24.596747752497688,18.439088914585774,51.62363799656123,193.18902660347973,57.8013840664737,3.342290668702765
2025-11-06T00:01:10,27.372,20.223748416156685,23.706539182259394,14.560219778561036,52.80151512977634,185.55861607589122,56.302753041036986,3.2957290017531546
2025-11-06T00:01:11,27.793,23.0,20.615528128088304,15.524174696260024,57.38466694161429,184.98108011361595,54.56189146281496,3.3902981578210922
2025-11-06T00:01:11,28.126,20.024984394500787,22.847319317591726,19.6468827043885,53.665631459994955,191.23022773609824,58.309518948453004,3.27957134932206
2025-11-06T00:01:11,28.372,20.09975124224178,23.769728648009426,16.76305461424021,53.665631459994955,191.52545522723605,56.462376853972415,3.392089846351576
2025-11-06T00:01:12,28.746,25.019992006393608,16.15549442140351,10.0,31.400636936215164,172.10461934532728,66.61080993352356,2.5837340743504655
2025-11-06T00:01:12,29.465,21.840329667841555,17.46424919657298,29.410882339705484,8.94427190999916,78.74642849044012,55.21775076911409,1.4261071375345977
2025-11-06T00:01:13,29.868,21.470910553583888,17.72004514666935,41.048751503547585,32.01562118716424,84.1486779456457,75.58438992278762,1.1133076291494426
2025-11-06T00:01:13,30.160,22.847319317591726,22.360679774997898,24.596747752497688,62.68173577685928,81.8413098624405,106.51291001564083,0.7683698609907715
2025-11-06T00:01:13,30.386,18.110770276274835,17.0,18.601075237738275,60.14149981501958,94.51454914456292,85.70297544426332,1.1028152599676098
2025-11-06T00:01:14,31.050,17.08800749063506,15.0,48.02082881417188,159.08802594790095,87.36704184073076,99.35793878699377,0.8793161664517879
2025-11-06T00:01:14,31.348,17.26267650163207,17.029386365926403,42.43819034784589,158.68522300453813,91.48223871331527,109.2520022699813,0.8373506829398535
2025-11-06T00:01:14,31.586,17.0,17.11724276862369,50.60632371551998,161.11176245079065,91.44397191723465,99.74467404327912,0.9167804977492552
2025-11-06T00:01:15,31.991,15.297058540778355,16.0312195418814,48.54894437575342,166.7213243709394,97.51410154434076,103.07764064044152,0.9460257427165252
2025-11-06T00:01:15,32.226,17.11724276862369,15.524174696260024,50.774009099144415,165.38742394752995,91.09335870413386,108.33743581975715,0.8408299311762136
2025-11-06T00:01:15,32.451,19.4164878389476,15.524174696260024,56.302753041036986,169.1685549976709,86.97700845625813,108.46197490364999,0.8019124539593014
2025-11-06T00:01:16,32.819,17.72004514666935,15.132745950421556,49.4064773081425,162.78820596099706,93.77632963600144,106.62082348209472,0.8795310950843451
2025-11-06T00:01:16,33.104,16.492422502470642,16.1245154965971,49.20365840057018,164.75436261295178,92.11405973031478,107.93516572461452,0.853420283481422
2025-11-06T00:01:16,33.372,18.681541692269406,17.029386365926403,43.41658669218482,159.8780785473731,90.62008607367353,110.69326989478628,0.8186594014234807
2025-11-06T00:01:17,33.841,18.027756377319946,16.76305461424021,52.009614495783374,162.97545827516484,90.07774419910837,111.07204868912791,0.8109848090694798
2025-11-06T00:01:17,34.100,18.681541692269406,18.027756377319946,51.22499389946279,163.95731151735808,90.47098982546837,113.46365056704283,0.7973565928236314
2025-11-06T00:01:17,34.460,17.029386365926403,17.11724276862369,42.44997055358225,161.4094173212951,101.24228365658294,110.4943437466371,0.9162666632848729
2025-11-06T00:01:18,34.692,16.1245154965971,18.439088914585774,38.2099463490856,163.1686244349691,105.1094667477673,110.38568747804219,0.952201948904613
2025-11-06T00:01:18,35.026,16.492422502470642,16.0312195418814,49.20365840057018,165.38742394752995,97.73944955850733,107.91200118615167,0.9057328979554706
2025-11-06T00:01:18,35.252,19.697715603592208,16.492422502470642,52.80151512977634,161.99382704288456,87.23531395025755,116.1077086157504,0.751330940815964
2025-11-06T00:01:18,35.572,17.72004514666935,18.110770276274835,40.311288741492746,156.31058825300352,95.85405573057407,113.65298060323803,0.8433923617472039
2025-11-06T00:01:19,35.794,18.681541692269406,18.681541692269406,50.32891812864648,159.47727110782904,91.706052144883,114.58621208504974,0.8003236207582783
2025-11-06T00:01:19,36.091,18.439088914585774,17.08800749063506,48.91829923454004,161.6168308066954,91.706052144883,115.52056094046635,0.7938504747405426
2025-11-06T00:01:19,36.317,17.46424919657298,18.24828759089466,46.22769732530488,163.1686244349691,96.66436778875658,113.08846094982458,0.8547677364859082
iso_ts,elapsed_s,pinky_ring_px,ring_middle_px,middle_index_px,index_thumb_px,height_px,width_px,aspect_ratio
